Msg Timestamp,Message,Time,Unit of Measurement,Timing Source,Event Level,Event Identifier
0,BACKEND,8561,US,BACKEND,ROOT,RPC (finalize) time
0,BACKEND,7901,US,BACKEND,ROOT,QNN accelerator (finalize) time
0,BACKEND,7781,US,BACKEND,ROOT,Accelerator (finalize) time
0,FINALIZE,660286,US,BACKEND,ROOT,QNN (finalize) time
0,BACKEND,4,COUNT,BACKEND,ROOT,Number of HVX threads used
0,BACKEND,1288,US,BACKEND,ROOT,RPC (execute) time
0,BACKEND,913,US,BACKEND,ROOT,QNN accelerator (execute) time
0,BACKEND,857,US,BACKEND,ROOT,Accelerator (execute) time
0,BACKEND,615,US,BACKEND,ROOT,Accelerator (execute excluding wait) time
0,EXECUTE,2862,US,BACKEND,ROOT,QNN (execute) time
0,BACKEND,4,COUNT,BACKEND,ROOT,Number of HVX threads used
0,BACKEND,1143,US,BACKEND,ROOT,RPC (execute) time
0,BACKEND,826,US,BACKEND,ROOT,QNN accelerator (execute) time
0,BACKEND,773,US,BACKEND,ROOT,Accelerator (execute) time
0,BACKEND,618,US,BACKEND,ROOT,Accelerator (execute excluding wait) time
0,EXECUTE,1205,US,BACKEND,ROOT,QNN (execute) time
0,BACKEND,4,COUNT,BACKEND,ROOT,Number of HVX threads used
0,BACKEND,1182,US,BACKEND,ROOT,RPC (execute) time
0,BACKEND,829,US,BACKEND,ROOT,QNN accelerator (execute) time
0,BACKEND,778,US,BACKEND,ROOT,Accelerator (execute) time
0,BACKEND,622,US,BACKEND,ROOT,Accelerator (execute excluding wait) time
0,EXECUTE,1273,US,BACKEND,ROOT,QNN (execute) time
0,BACKEND,4,COUNT,BACKEND,ROOT,Number of HVX threads used
0,BACKEND,1195,US,BACKEND,ROOT,RPC (execute) time
0,BACKEND,621,US,BACKEND,ROOT,QNN accelerator (execute) time
0,BACKEND,593,US,BACKEND,ROOT,Accelerator (execute) time
0,BACKEND,574,US,BACKEND,ROOT,Accelerator (execute excluding wait) time
0,EXECUTE,1273,US,BACKEND,ROOT,QNN (execute) time
0,BACKEND,4,COUNT,BACKEND,ROOT,Number of HVX threads used
0,BACKEND,1135,US,BACKEND,ROOT,RPC (execute) time
0,BACKEND,834,US,BACKEND,ROOT,QNN accelerator (execute) time
0,BACKEND,781,US,BACKEND,ROOT,Accelerator (execute) time
0,BACKEND,621,US,BACKEND,ROOT,Accelerator (execute excluding wait) time
0,EXECUTE,1213,US,BACKEND,ROOT,QNN (execute) time
0,BACKEND,4,COUNT,BACKEND,ROOT,Number of HVX threads used
0,BACKEND,1000,US,BACKEND,ROOT,RPC (execute) time
0,BACKEND,623,US,BACKEND,ROOT,QNN accelerator (execute) time
0,BACKEND,593,US,BACKEND,ROOT,Accelerator (execute) time
0,BACKEND,575,US,BACKEND,ROOT,Accelerator (execute excluding wait) time
0,EXECUTE,1121,US,BACKEND,ROOT,QNN (execute) time
0,BACKEND,4,COUNT,BACKEND,ROOT,Number of HVX threads used
0,BACKEND,1239,US,BACKEND,ROOT,RPC (execute) time
0,BACKEND,844,US,BACKEND,ROOT,QNN accelerator (execute) time
0,BACKEND,787,US,BACKEND,ROOT,Accelerator (execute) time
0,BACKEND,631,US,BACKEND,ROOT,Accelerator (execute excluding wait) time
0,EXECUTE,1330,US,BACKEND,ROOT,QNN (execute) time
0,BACKEND,4,COUNT,BACKEND,ROOT,Number of HVX threads used
0,BACKEND,1219,US,BACKEND,ROOT,RPC (execute) time
0,BACKEND,838,US,BACKEND,ROOT,QNN accelerator (execute) time
0,BACKEND,780,US,BACKEND,ROOT,Accelerator (execute) time
0,BACKEND,619,US,BACKEND,ROOT,Accelerator (execute excluding wait) time
0,EXECUTE,1321,US,BACKEND,ROOT,QNN (execute) time
0,BACKEND,4,COUNT,BACKEND,ROOT,Number of HVX threads used
0,BACKEND,890,US,BACKEND,ROOT,RPC (execute) time
0,BACKEND,617,US,BACKEND,ROOT,QNN accelerator (execute) time
0,BACKEND,588,US,BACKEND,ROOT,Accelerator (execute) time
0,BACKEND,569,US,BACKEND,ROOT,Accelerator (execute excluding wait) time
0,EXECUTE,968,US,BACKEND,ROOT,QNN (execute) time
0,BACKEND,4,COUNT,BACKEND,ROOT,Number of HVX threads used
0,BACKEND,1221,US,BACKEND,ROOT,RPC (execute) time
0,BACKEND,840,US,BACKEND,ROOT,QNN accelerator (execute) time
0,BACKEND,786,US,BACKEND,ROOT,Accelerator (execute) time
0,BACKEND,627,US,BACKEND,ROOT,Accelerator (execute excluding wait) time
0,EXECUTE,1373,US,BACKEND,ROOT,QNN (execute) time
0,BACKEND,4,COUNT,BACKEND,ROOT,Number of HVX threads used
0,BACKEND,1191,US,BACKEND,ROOT,RPC (execute) time
0,BACKEND,826,US,BACKEND,ROOT,QNN accelerator (execute) time
0,BACKEND,770,US,BACKEND,ROOT,Accelerator (execute) time
0,BACKEND,619,US,BACKEND,ROOT,Accelerator (execute excluding wait) time
0,EXECUTE,1292,US,BACKEND,ROOT,QNN (execute) time
0,BACKEND,4,COUNT,BACKEND,ROOT,Number of HVX threads used
0,BACKEND,902,US,BACKEND,ROOT,RPC (execute) time
0,BACKEND,621,US,BACKEND,ROOT,QNN accelerator (execute) time
0,BACKEND,591,US,BACKEND,ROOT,Accelerator (execute) time
0,BACKEND,572,US,BACKEND,ROOT,Accelerator (execute excluding wait) time
0,EXECUTE,990,US,BACKEND,ROOT,QNN (execute) time
0,BACKEND,4,COUNT,BACKEND,ROOT,Number of HVX threads used
0,BACKEND,1146,US,BACKEND,ROOT,RPC (execute) time
0,BACKEND,829,US,BACKEND,ROOT,QNN accelerator (execute) time
0,BACKEND,777,US,BACKEND,ROOT,Accelerator (execute) time
0,BACKEND,621,US,BACKEND,ROOT,Accelerator (execute excluding wait) time
0,EXECUTE,1245,US,BACKEND,ROOT,QNN (execute) time
0,BACKEND,7979,US,BACKEND,ROOT,RPC (finalize) time
0,BACKEND,7539,US,BACKEND,ROOT,QNN accelerator (finalize) time
0,BACKEND,7424,US,BACKEND,ROOT,Accelerator (finalize) time
0,FINALIZE,654259,US,BACKEND,ROOT,QNN (finalize) time
0,BACKEND,4,COUNT,BACKEND,ROOT,Number of HVX threads used
0,BACKEND,1278,US,BACKEND,ROOT,RPC (execute) time
0,BACKEND,898,US,BACKEND,ROOT,QNN accelerator (execute) time
0,BACKEND,845,US,BACKEND,ROOT,Accelerator (execute) time
0,BACKEND,610,US,BACKEND,ROOT,Accelerator (execute excluding wait) time
0,EXECUTE,2192,US,BACKEND,ROOT,QNN (execute) time
0,BACKEND,4,COUNT,BACKEND,ROOT,Number of HVX threads used
0,BACKEND,887,US,BACKEND,ROOT,RPC (execute) time
0,BACKEND,620,US,BACKEND,ROOT,QNN accelerator (execute) time
0,BACKEND,592,US,BACKEND,ROOT,Accelerator (execute) time
0,BACKEND,572,US,BACKEND,ROOT,Accelerator (execute excluding wait) time
0,EXECUTE,959,US,BACKEND,ROOT,QNN (execute) time
0,BACKEND,4,COUNT,BACKEND,ROOT,Number of HVX threads used
0,BACKEND,1244,US,BACKEND,ROOT,RPC (execute) time
0,BACKEND,820,US,BACKEND,ROOT,QNN accelerator (execute) time
0,BACKEND,768,US,BACKEND,ROOT,Accelerator (execute) time
0,BACKEND,615,US,BACKEND,ROOT,Accelerator (execute excluding wait) time
0,EXECUTE,1363,US,BACKEND,ROOT,QNN (execute) time
0,BACKEND,4,COUNT,BACKEND,ROOT,Number of HVX threads used
0,BACKEND,1291,US,BACKEND,ROOT,RPC (execute) time
0,BACKEND,823,US,BACKEND,ROOT,QNN accelerator (execute) time
0,BACKEND,770,US,BACKEND,ROOT,Accelerator (execute) time
0,BACKEND,615,US,BACKEND,ROOT,Accelerator (execute excluding wait) time
0,EXECUTE,1465,US,BACKEND,ROOT,QNN (execute) time
0,BACKEND,4,COUNT,BACKEND,ROOT,Number of HVX threads used
0,BACKEND,909,US,BACKEND,ROOT,RPC (execute) time
0,BACKEND,618,US,BACKEND,ROOT,QNN accelerator (execute) time
0,BACKEND,589,US,BACKEND,ROOT,Accelerator (execute) time
0,BACKEND,570,US,BACKEND,ROOT,Accelerator (execute excluding wait) time
0,EXECUTE,991,US,BACKEND,ROOT,QNN (execute) time
0,BACKEND,4,COUNT,BACKEND,ROOT,Number of HVX threads used
0,BACKEND,1114,US,BACKEND,ROOT,RPC (execute) time
0,BACKEND,823,US,BACKEND,ROOT,QNN accelerator (execute) time
0,BACKEND,771,US,BACKEND,ROOT,Accelerator (execute) time
0,BACKEND,615,US,BACKEND,ROOT,Accelerator (execute excluding wait) time
0,EXECUTE,1173,US,BACKEND,ROOT,QNN (execute) time
0,BACKEND,4,COUNT,BACKEND,ROOT,Number of HVX threads used
0,BACKEND,989,US,BACKEND,ROOT,RPC (execute) time
0,BACKEND,622,US,BACKEND,ROOT,QNN accelerator (execute) time
0,BACKEND,592,US,BACKEND,ROOT,Accelerator (execute) time
0,BACKEND,572,US,BACKEND,ROOT,Accelerator (execute excluding wait) time
0,EXECUTE,1051,US,BACKEND,ROOT,QNN (execute) time
0,BACKEND,4,COUNT,BACKEND,ROOT,Number of HVX threads used
0,BACKEND,1230,US,BACKEND,ROOT,RPC (execute) time
0,BACKEND,818,US,BACKEND,ROOT,QNN accelerator (execute) time
0,BACKEND,763,US,BACKEND,ROOT,Accelerator (execute) time
0,BACKEND,611,US,BACKEND,ROOT,Accelerator (execute excluding wait) time
0,EXECUTE,1631,US,BACKEND,ROOT,QNN (execute) time
0,BACKEND,4,COUNT,BACKEND,ROOT,Number of HVX threads used
0,BACKEND,1187,US,BACKEND,ROOT,RPC (execute) time
0,BACKEND,841,US,BACKEND,ROOT,QNN accelerator (execute) time
0,BACKEND,785,US,BACKEND,ROOT,Accelerator (execute) time
0,BACKEND,628,US,BACKEND,ROOT,Accelerator (execute excluding wait) time
0,EXECUTE,1258,US,BACKEND,ROOT,QNN (execute) time
0,BACKEND,4,COUNT,BACKEND,ROOT,Number of HVX threads used
0,BACKEND,947,US,BACKEND,ROOT,RPC (execute) time
0,BACKEND,621,US,BACKEND,ROOT,QNN accelerator (execute) time
0,BACKEND,590,US,BACKEND,ROOT,Accelerator (execute) time
0,BACKEND,572,US,BACKEND,ROOT,Accelerator (execute excluding wait) time
0,EXECUTE,1037,US,BACKEND,ROOT,QNN (execute) time
0,BACKEND,4,COUNT,BACKEND,ROOT,Number of HVX threads used
0,BACKEND,1172,US,BACKEND,ROOT,RPC (execute) time
0,BACKEND,817,US,BACKEND,ROOT,QNN accelerator (execute) time
0,BACKEND,764,US,BACKEND,ROOT,Accelerator (execute) time
0,BACKEND,612,US,BACKEND,ROOT,Accelerator (execute excluding wait) time
0,EXECUTE,1251,US,BACKEND,ROOT,QNN (execute) time
0,BACKEND,4,COUNT,BACKEND,ROOT,Number of HVX threads used
0,BACKEND,879,US,BACKEND,ROOT,RPC (execute) time
0,BACKEND,619,US,BACKEND,ROOT,QNN accelerator (execute) time
0,BACKEND,592,US,BACKEND,ROOT,Accelerator (execute) time
0,BACKEND,571,US,BACKEND,ROOT,Accelerator (execute excluding wait) time
0,EXECUTE,967,US,BACKEND,ROOT,QNN (execute) time
0,BACKEND,4,COUNT,BACKEND,ROOT,Number of HVX threads used
0,BACKEND,1186,US,BACKEND,ROOT,RPC (execute) time
0,BACKEND,823,US,BACKEND,ROOT,QNN accelerator (execute) time
0,BACKEND,773,US,BACKEND,ROOT,Accelerator (execute) time
0,BACKEND,614,US,BACKEND,ROOT,Accelerator (execute excluding wait) time
0,EXECUTE,1309,US,BACKEND,ROOT,QNN (execute) time
0,BACKEND,4,COUNT,BACKEND,ROOT,Number of HVX threads used
0,BACKEND,1127,US,BACKEND,ROOT,RPC (execute) time
0,BACKEND,826,US,BACKEND,ROOT,QNN accelerator (execute) time
0,BACKEND,775,US,BACKEND,ROOT,Accelerator (execute) time
0,BACKEND,619,US,BACKEND,ROOT,Accelerator (execute excluding wait) time
0,EXECUTE,1181,US,BACKEND,ROOT,QNN (execute) time
0,BACKEND,4,COUNT,BACKEND,ROOT,Number of HVX threads used
0,BACKEND,882,US,BACKEND,ROOT,RPC (execute) time
0,BACKEND,617,US,BACKEND,ROOT,QNN accelerator (execute) time
0,BACKEND,590,US,BACKEND,ROOT,Accelerator (execute) time
0,BACKEND,569,US,BACKEND,ROOT,Accelerator (execute excluding wait) time
0,EXECUTE,959,US,BACKEND,ROOT,QNN (execute) time
0,BACKEND,4,COUNT,BACKEND,ROOT,Number of HVX threads used
0,BACKEND,1194,US,BACKEND,ROOT,RPC (execute) time
0,BACKEND,880,US,BACKEND,ROOT,QNN accelerator (execute) time
0,BACKEND,830,US,BACKEND,ROOT,Accelerator (execute) time
0,BACKEND,620,US,BACKEND,ROOT,Accelerator (execute excluding wait) time
0,EXECUTE,1268,US,BACKEND,ROOT,QNN (execute) time
0,BACKEND,4,COUNT,BACKEND,ROOT,Number of HVX threads used
0,BACKEND,863,US,BACKEND,ROOT,RPC (execute) time
0,BACKEND,621,US,BACKEND,ROOT,QNN accelerator (execute) time
0,BACKEND,593,US,BACKEND,ROOT,Accelerator (execute) time
0,BACKEND,573,US,BACKEND,ROOT,Accelerator (execute excluding wait) time
0,EXECUTE,924,US,BACKEND,ROOT,QNN (execute) time
0,BACKEND,4,COUNT,BACKEND,ROOT,Number of HVX threads used
0,BACKEND,1142,US,BACKEND,ROOT,RPC (execute) time
0,BACKEND,827,US,BACKEND,ROOT,QNN accelerator (execute) time
0,BACKEND,772,US,BACKEND,ROOT,Accelerator (execute) time
0,BACKEND,617,US,BACKEND,ROOT,Accelerator (execute excluding wait) time
0,EXECUTE,1213,US,BACKEND,ROOT,QNN (execute) time
0,BACKEND,4,COUNT,BACKEND,ROOT,Number of HVX threads used
0,BACKEND,1131,US,BACKEND,ROOT,RPC (execute) time
0,BACKEND,828,US,BACKEND,ROOT,QNN accelerator (execute) time
0,BACKEND,773,US,BACKEND,ROOT,Accelerator (execute) time
0,BACKEND,615,US,BACKEND,ROOT,Accelerator (execute excluding wait) time
0,EXECUTE,1193,US,BACKEND,ROOT,QNN (execute) time
0,BACKEND,4,COUNT,BACKEND,ROOT,Number of HVX threads used
0,BACKEND,882,US,BACKEND,ROOT,RPC (execute) time
0,BACKEND,619,US,BACKEND,ROOT,QNN accelerator (execute) time
0,BACKEND,592,US,BACKEND,ROOT,Accelerator (execute) time
0,BACKEND,571,US,BACKEND,ROOT,Accelerator (execute excluding wait) time
0,EXECUTE,949,US,BACKEND,ROOT,QNN (execute) time
0,BACKEND,4,COUNT,BACKEND,ROOT,Number of HVX threads used
0,BACKEND,1163,US,BACKEND,ROOT,RPC (execute) time
0,BACKEND,822,US,BACKEND,ROOT,QNN accelerator (execute) time
0,BACKEND,768,US,BACKEND,ROOT,Accelerator (execute) time
0,BACKEND,616,US,BACKEND,ROOT,Accelerator (execute excluding wait) time
0,EXECUTE,1233,US,BACKEND,ROOT,QNN (execute) time
0,BACKEND,4,COUNT,BACKEND,ROOT,Number of HVX threads used
0,BACKEND,1148,US,BACKEND,ROOT,RPC (execute) time
0,BACKEND,825,US,BACKEND,ROOT,QNN accelerator (execute) time
0,BACKEND,772,US,BACKEND,ROOT,Accelerator (execute) time
0,BACKEND,619,US,BACKEND,ROOT,Accelerator (execute excluding wait) time
0,EXECUTE,1239,US,BACKEND,ROOT,QNN (execute) time
0,BACKEND,4,COUNT,BACKEND,ROOT,Number of HVX threads used
0,BACKEND,909,US,BACKEND,ROOT,RPC (execute) time
0,BACKEND,625,US,BACKEND,ROOT,QNN accelerator (execute) time
0,BACKEND,595,US,BACKEND,ROOT,Accelerator (execute) time
0,BACKEND,576,US,BACKEND,ROOT,Accelerator (execute excluding wait) time
0,EXECUTE,1007,US,BACKEND,ROOT,QNN (execute) time
0,BACKEND,4,COUNT,BACKEND,ROOT,Number of HVX threads used
0,BACKEND,1131,US,BACKEND,ROOT,RPC (execute) time
0,BACKEND,824,US,BACKEND,ROOT,QNN accelerator (execute) time
0,BACKEND,771,US,BACKEND,ROOT,Accelerator (execute) time
0,BACKEND,615,US,BACKEND,ROOT,Accelerator (execute excluding wait) time
0,EXECUTE,1203,US,BACKEND,ROOT,QNN (execute) time
0,BACKEND,4,COUNT,BACKEND,ROOT,Number of HVX threads used
0,BACKEND,996,US,BACKEND,ROOT,RPC (execute) time
0,BACKEND,618,US,BACKEND,ROOT,QNN accelerator (execute) time
0,BACKEND,592,US,BACKEND,ROOT,Accelerator (execute) time
0,BACKEND,571,US,BACKEND,ROOT,Accelerator (execute excluding wait) time
0,EXECUTE,1052,US,BACKEND,ROOT,QNN (execute) time
0,BACKEND,4,COUNT,BACKEND,ROOT,Number of HVX threads used
0,BACKEND,1105,US,BACKEND,ROOT,RPC (execute) time
0,BACKEND,817,US,BACKEND,ROOT,QNN accelerator (execute) time
0,BACKEND,765,US,BACKEND,ROOT,Accelerator (execute) time
0,BACKEND,610,US,BACKEND,ROOT,Accelerator (execute excluding wait) time
0,EXECUTE,1170,US,BACKEND,ROOT,QNN (execute) time
0,BACKEND,4,COUNT,BACKEND,ROOT,Number of HVX threads used
0,BACKEND,1191,US,BACKEND,ROOT,RPC (execute) time
0,BACKEND,814,US,BACKEND,ROOT,QNN accelerator (execute) time
0,BACKEND,761,US,BACKEND,ROOT,Accelerator (execute) time
0,BACKEND,611,US,BACKEND,ROOT,Accelerator (execute excluding wait) time
0,EXECUTE,1258,US,BACKEND,ROOT,QNN (execute) time
0,BACKEND,4,COUNT,BACKEND,ROOT,Number of HVX threads used
0,BACKEND,878,US,BACKEND,ROOT,RPC (execute) time
0,BACKEND,619,US,BACKEND,ROOT,QNN accelerator (execute) time
0,BACKEND,591,US,BACKEND,ROOT,Accelerator (execute) time
0,BACKEND,573,US,BACKEND,ROOT,Accelerator (execute excluding wait) time
0,EXECUTE,964,US,BACKEND,ROOT,QNN (execute) time
0,BACKEND,4,COUNT,BACKEND,ROOT,Number of HVX threads used
0,BACKEND,1147,US,BACKEND,ROOT,RPC (execute) time
0,BACKEND,817,US,BACKEND,ROOT,QNN accelerator (execute) time
0,BACKEND,765,US,BACKEND,ROOT,Accelerator (execute) time
0,BACKEND,611,US,BACKEND,ROOT,Accelerator (execute excluding wait) time
0,EXECUTE,1213,US,BACKEND,ROOT,QNN (execute) time
0,BACKEND,4,COUNT,BACKEND,ROOT,Number of HVX threads used
0,BACKEND,848,US,BACKEND,ROOT,RPC (execute) time
0,BACKEND,621,US,BACKEND,ROOT,QNN accelerator (execute) time
0,BACKEND,595,US,BACKEND,ROOT,Accelerator (execute) time
0,BACKEND,575,US,BACKEND,ROOT,Accelerator (execute excluding wait) time
0,EXECUTE,905,US,BACKEND,ROOT,QNN (execute) time
0,BACKEND,4,COUNT,BACKEND,ROOT,Number of HVX threads used
0,BACKEND,1217,US,BACKEND,ROOT,RPC (execute) time
0,BACKEND,876,US,BACKEND,ROOT,QNN accelerator (execute) time
0,BACKEND,825,US,BACKEND,ROOT,Accelerator (execute) time
0,BACKEND,615,US,BACKEND,ROOT,Accelerator (execute excluding wait) time
0,EXECUTE,1303,US,BACKEND,ROOT,QNN (execute) time
0,BACKEND,4,COUNT,BACKEND,ROOT,Number of HVX threads used
0,BACKEND,1122,US,BACKEND,ROOT,RPC (execute) time
0,BACKEND,825,US,BACKEND,ROOT,QNN accelerator (execute) time
0,BACKEND,771,US,BACKEND,ROOT,Accelerator (execute) time
0,BACKEND,618,US,BACKEND,ROOT,Accelerator (execute excluding wait) time
0,EXECUTE,1178,US,BACKEND,ROOT,QNN (execute) time
0,BACKEND,4,COUNT,BACKEND,ROOT,Number of HVX threads used
0,BACKEND,857,US,BACKEND,ROOT,RPC (execute) time
0,BACKEND,616,US,BACKEND,ROOT,QNN accelerator (execute) time
0,BACKEND,589,US,BACKEND,ROOT,Accelerator (execute) time
0,BACKEND,571,US,BACKEND,ROOT,Accelerator (execute excluding wait) time
0,EXECUTE,932,US,BACKEND,ROOT,QNN (execute) time
0,BACKEND,4,COUNT,BACKEND,ROOT,Number of HVX threads used
0,BACKEND,1159,US,BACKEND,ROOT,RPC (execute) time
0,BACKEND,821,US,BACKEND,ROOT,QNN accelerator (execute) time
0,BACKEND,769,US,BACKEND,ROOT,Accelerator (execute) time
0,BACKEND,618,US,BACKEND,ROOT,Accelerator (execute excluding wait) time
0,EXECUTE,1237,US,BACKEND,ROOT,QNN (execute) time
0,BACKEND,4,COUNT,BACKEND,ROOT,Number of HVX threads used
0,BACKEND,861,US,BACKEND,ROOT,RPC (execute) time
0,BACKEND,621,US,BACKEND,ROOT,QNN accelerator (execute) time
0,BACKEND,593,US,BACKEND,ROOT,Accelerator (execute) time
0,BACKEND,574,US,BACKEND,ROOT,Accelerator (execute excluding wait) time
0,EXECUTE,911,US,BACKEND,ROOT,QNN (execute) time
0,BACKEND,4,COUNT,BACKEND,ROOT,Number of HVX threads used
0,BACKEND,1188,US,BACKEND,ROOT,RPC (execute) time
0,BACKEND,822,US,BACKEND,ROOT,QNN accelerator (execute) time
0,BACKEND,768,US,BACKEND,ROOT,Accelerator (execute) time
0,BACKEND,616,US,BACKEND,ROOT,Accelerator (execute excluding wait) time
0,EXECUTE,1282,US,BACKEND,ROOT,QNN (execute) time
0,BACKEND,4,COUNT,BACKEND,ROOT,Number of HVX threads used
0,BACKEND,1169,US,BACKEND,ROOT,RPC (execute) time
0,BACKEND,827,US,BACKEND,ROOT,QNN accelerator (execute) time
0,BACKEND,768,US,BACKEND,ROOT,Accelerator (execute) time
0,BACKEND,613,US,BACKEND,ROOT,Accelerator (execute excluding wait) time
0,EXECUTE,1224,US,BACKEND,ROOT,QNN (execute) time
0,BACKEND,4,COUNT,BACKEND,ROOT,Number of HVX threads used
0,BACKEND,887,US,BACKEND,ROOT,RPC (execute) time
0,BACKEND,619,US,BACKEND,ROOT,QNN accelerator (execute) time
0,BACKEND,590,US,BACKEND,ROOT,Accelerator (execute) time
0,BACKEND,571,US,BACKEND,ROOT,Accelerator (execute excluding wait) time
0,EXECUTE,966,US,BACKEND,ROOT,QNN (execute) time
0,BACKEND,4,COUNT,BACKEND,ROOT,Number of HVX threads used
0,BACKEND,1158,US,BACKEND,ROOT,RPC (execute) time
0,BACKEND,828,US,BACKEND,ROOT,QNN accelerator (execute) time
0,BACKEND,773,US,BACKEND,ROOT,Accelerator (execute) time
0,BACKEND,614,US,BACKEND,ROOT,Accelerator (execute excluding wait) time
0,EXECUTE,1241,US,BACKEND,ROOT,QNN (execute) time
0,BACKEND,4,COUNT,BACKEND,ROOT,Number of HVX threads used
0,BACKEND,1101,US,BACKEND,ROOT,RPC (execute) time
0,BACKEND,815,US,BACKEND,ROOT,QNN accelerator (execute) time
0,BACKEND,764,US,BACKEND,ROOT,Accelerator (execute) time
0,BACKEND,613,US,BACKEND,ROOT,Accelerator (execute excluding wait) time
0,EXECUTE,1204,US,BACKEND,ROOT,QNN (execute) time
0,BACKEND,4,COUNT,BACKEND,ROOT,Number of HVX threads used
0,BACKEND,869,US,BACKEND,ROOT,RPC (execute) time
0,BACKEND,622,US,BACKEND,ROOT,QNN accelerator (execute) time
0,BACKEND,593,US,BACKEND,ROOT,Accelerator (execute) time
0,BACKEND,572,US,BACKEND,ROOT,Accelerator (execute excluding wait) time
0,EXECUTE,921,US,BACKEND,ROOT,QNN (execute) time
0,BACKEND,4,COUNT,BACKEND,ROOT,Number of HVX threads used
0,BACKEND,1162,US,BACKEND,ROOT,RPC (execute) time
0,BACKEND,815,US,BACKEND,ROOT,QNN accelerator (execute) time
0,BACKEND,765,US,BACKEND,ROOT,Accelerator (execute) time
0,BACKEND,613,US,BACKEND,ROOT,Accelerator (execute excluding wait) time
0,EXECUTE,1238,US,BACKEND,ROOT,QNN (execute) time
0,BACKEND,4,COUNT,BACKEND,ROOT,Number of HVX threads used
0,BACKEND,879,US,BACKEND,ROOT,RPC (execute) time
0,BACKEND,624,US,BACKEND,ROOT,QNN accelerator (execute) time
0,BACKEND,596,US,BACKEND,ROOT,Accelerator (execute) time
0,BACKEND,576,US,BACKEND,ROOT,Accelerator (execute excluding wait) time
0,EXECUTE,937,US,BACKEND,ROOT,QNN (execute) time
0,BACKEND,4,COUNT,BACKEND,ROOT,Number of HVX threads used
0,BACKEND,1182,US,BACKEND,ROOT,RPC (execute) time
0,BACKEND,821,US,BACKEND,ROOT,QNN accelerator (execute) time
0,BACKEND,771,US,BACKEND,ROOT,Accelerator (execute) time
0,BACKEND,615,US,BACKEND,ROOT,Accelerator (execute excluding wait) time
0,EXECUTE,1257,US,BACKEND,ROOT,QNN (execute) time
0,BACKEND,4,COUNT,BACKEND,ROOT,Number of HVX threads used
0,BACKEND,1152,US,BACKEND,ROOT,RPC (execute) time
0,BACKEND,833,US,BACKEND,ROOT,QNN accelerator (execute) time
0,BACKEND,779,US,BACKEND,ROOT,Accelerator (execute) time
0,BACKEND,619,US,BACKEND,ROOT,Accelerator (execute excluding wait) time
0,EXECUTE,1222,US,BACKEND,ROOT,QNN (execute) time
0,BACKEND,4,COUNT,BACKEND,ROOT,Number of HVX threads used
0,BACKEND,984,US,BACKEND,ROOT,RPC (execute) time
0,BACKEND,687,US,BACKEND,ROOT,QNN accelerator (execute) time
0,BACKEND,656,US,BACKEND,ROOT,Accelerator (execute) time
0,BACKEND,580,US,BACKEND,ROOT,Accelerator (execute excluding wait) time
0,EXECUTE,1073,US,BACKEND,ROOT,QNN (execute) time
0,BACKEND,4,COUNT,BACKEND,ROOT,Number of HVX threads used
0,BACKEND,1111,US,BACKEND,ROOT,RPC (execute) time
0,BACKEND,811,US,BACKEND,ROOT,QNN accelerator (execute) time
0,BACKEND,759,US,BACKEND,ROOT,Accelerator (execute) time
0,BACKEND,610,US,BACKEND,ROOT,Accelerator (execute excluding wait) time
0,EXECUTE,1194,US,BACKEND,ROOT,QNN (execute) time
0,BACKEND,4,COUNT,BACKEND,ROOT,Number of HVX threads used
0,BACKEND,856,US,BACKEND,ROOT,RPC (execute) time
0,BACKEND,619,US,BACKEND,ROOT,QNN accelerator (execute) time
0,BACKEND,592,US,BACKEND,ROOT,Accelerator (execute) time
0,BACKEND,572,US,BACKEND,ROOT,Accelerator (execute excluding wait) time
0,EXECUTE,933,US,BACKEND,ROOT,QNN (execute) time
0,BACKEND,4,COUNT,BACKEND,ROOT,Number of HVX threads used
0,BACKEND,1139,US,BACKEND,ROOT,RPC (execute) time
0,BACKEND,816,US,BACKEND,ROOT,QNN accelerator (execute) time
0,BACKEND,762,US,BACKEND,ROOT,Accelerator (execute) time
0,BACKEND,608,US,BACKEND,ROOT,Accelerator (execute excluding wait) time
0,EXECUTE,1202,US,BACKEND,ROOT,QNN (execute) time
0,BACKEND,4,COUNT,BACKEND,ROOT,Number of HVX threads used
0,BACKEND,1474,US,BACKEND,ROOT,RPC (execute) time
0,BACKEND,835,US,BACKEND,ROOT,QNN accelerator (execute) time
0,BACKEND,780,US,BACKEND,ROOT,Accelerator (execute) time
0,BACKEND,624,US,BACKEND,ROOT,Accelerator (execute excluding wait) time
0,EXECUTE,1545,US,BACKEND,ROOT,QNN (execute) time
0,BACKEND,4,COUNT,BACKEND,ROOT,Number of HVX threads used
0,BACKEND,902,US,BACKEND,ROOT,RPC (execute) time
0,BACKEND,624,US,BACKEND,ROOT,QNN accelerator (execute) time
0,BACKEND,594,US,BACKEND,ROOT,Accelerator (execute) time
0,BACKEND,575,US,BACKEND,ROOT,Accelerator (execute excluding wait) time
0,EXECUTE,961,US,BACKEND,ROOT,QNN (execute) time
0,BACKEND,4,COUNT,BACKEND,ROOT,Number of HVX threads used
0,BACKEND,1220,US,BACKEND,ROOT,RPC (execute) time
0,BACKEND,824,US,BACKEND,ROOT,QNN accelerator (execute) time
0,BACKEND,771,US,BACKEND,ROOT,Accelerator (execute) time
0,BACKEND,615,US,BACKEND,ROOT,Accelerator (execute excluding wait) time
0,EXECUTE,1296,US,BACKEND,ROOT,QNN (execute) time
0,BACKEND,4,COUNT,BACKEND,ROOT,Number of HVX threads used
0,BACKEND,1150,US,BACKEND,ROOT,RPC (execute) time
0,BACKEND,811,US,BACKEND,ROOT,QNN accelerator (execute) time
0,BACKEND,761,US,BACKEND,ROOT,Accelerator (execute) time
0,BACKEND,612,US,BACKEND,ROOT,Accelerator (execute excluding wait) time
0,EXECUTE,1251,US,BACKEND,ROOT,QNN (execute) time
0,BACKEND,4,COUNT,BACKEND,ROOT,Number of HVX threads used
0,BACKEND,859,US,BACKEND,ROOT,RPC (execute) time
0,BACKEND,625,US,BACKEND,ROOT,QNN accelerator (execute) time
0,BACKEND,597,US,BACKEND,ROOT,Accelerator (execute) time
0,BACKEND,575,US,BACKEND,ROOT,Accelerator (execute excluding wait) time
0,EXECUTE,916,US,BACKEND,ROOT,QNN (execute) time
0,BACKEND,4,COUNT,BACKEND,ROOT,Number of HVX threads used
0,BACKEND,1127,US,BACKEND,ROOT,RPC (execute) time
0,BACKEND,823,US,BACKEND,ROOT,QNN accelerator (execute) time
0,BACKEND,772,US,BACKEND,ROOT,Accelerator (execute) time
0,BACKEND,617,US,BACKEND,ROOT,Accelerator (execute excluding wait) time
0,EXECUTE,1182,US,BACKEND,ROOT,QNN (execute) time
0,BACKEND,4,COUNT,BACKEND,ROOT,Number of HVX threads used
0,BACKEND,893,US,BACKEND,ROOT,RPC (execute) time
0,BACKEND,617,US,BACKEND,ROOT,QNN accelerator (execute) time
0,BACKEND,588,US,BACKEND,ROOT,Accelerator (execute) time
0,BACKEND,569,US,BACKEND,ROOT,Accelerator (execute excluding wait) time
0,EXECUTE,952,US,BACKEND,ROOT,QNN (execute) time
0,BACKEND,4,COUNT,BACKEND,ROOT,Number of HVX threads used
0,BACKEND,1198,US,BACKEND,ROOT,RPC (execute) time
0,BACKEND,817,US,BACKEND,ROOT,QNN accelerator (execute) time
0,BACKEND,763,US,BACKEND,ROOT,Accelerator (execute) time
0,BACKEND,611,US,BACKEND,ROOT,Accelerator (execute excluding wait) time
0,EXECUTE,1288,US,BACKEND,ROOT,QNN (execute) time
0,BACKEND,4,COUNT,BACKEND,ROOT,Number of HVX threads used
0,BACKEND,1148,US,BACKEND,ROOT,RPC (execute) time
0,BACKEND,841,US,BACKEND,ROOT,QNN accelerator (execute) time
0,BACKEND,780,US,BACKEND,ROOT,Accelerator (execute) time
0,BACKEND,620,US,BACKEND,ROOT,Accelerator (execute excluding wait) time
0,EXECUTE,1212,US,BACKEND,ROOT,QNN (execute) time
0,BACKEND,4,COUNT,BACKEND,ROOT,Number of HVX threads used
0,BACKEND,896,US,BACKEND,ROOT,RPC (execute) time
0,BACKEND,619,US,BACKEND,ROOT,QNN accelerator (execute) time
0,BACKEND,592,US,BACKEND,ROOT,Accelerator (execute) time
0,BACKEND,574,US,BACKEND,ROOT,Accelerator (execute excluding wait) time
0,EXECUTE,970,US,BACKEND,ROOT,QNN (execute) time
0,BACKEND,4,COUNT,BACKEND,ROOT,Number of HVX threads used
0,BACKEND,1216,US,BACKEND,ROOT,RPC (execute) time
0,BACKEND,821,US,BACKEND,ROOT,QNN accelerator (execute) time
0,BACKEND,768,US,BACKEND,ROOT,Accelerator (execute) time
0,BACKEND,619,US,BACKEND,ROOT,Accelerator (execute excluding wait) time
0,EXECUTE,1311,US,BACKEND,ROOT,QNN (execute) time
0,BACKEND,4,COUNT,BACKEND,ROOT,Number of HVX threads used
0,BACKEND,1245,US,BACKEND,ROOT,RPC (execute) time
0,BACKEND,915,US,BACKEND,ROOT,QNN accelerator (execute) time
0,BACKEND,860,US,BACKEND,ROOT,Accelerator (execute) time
0,BACKEND,615,US,BACKEND,ROOT,Accelerator (execute excluding wait) time
0,EXECUTE,1319,US,BACKEND,ROOT,QNN (execute) time
0,BACKEND,4,COUNT,BACKEND,ROOT,Number of HVX threads used
0,BACKEND,867,US,BACKEND,ROOT,RPC (execute) time
0,BACKEND,624,US,BACKEND,ROOT,QNN accelerator (execute) time
0,BACKEND,595,US,BACKEND,ROOT,Accelerator (execute) time
0,BACKEND,574,US,BACKEND,ROOT,Accelerator (execute excluding wait) time
0,EXECUTE,942,US,BACKEND,ROOT,QNN (execute) time
0,BACKEND,4,COUNT,BACKEND,ROOT,Number of HVX threads used
0,BACKEND,1195,US,BACKEND,ROOT,RPC (execute) time
0,BACKEND,837,US,BACKEND,ROOT,QNN accelerator (execute) time
0,BACKEND,783,US,BACKEND,ROOT,Accelerator (execute) time
0,BACKEND,624,US,BACKEND,ROOT,Accelerator (execute excluding wait) time
0,EXECUTE,1272,US,BACKEND,ROOT,QNN (execute) time
0,BACKEND,4,COUNT,BACKEND,ROOT,Number of HVX threads used
0,BACKEND,868,US,BACKEND,ROOT,RPC (execute) time
0,BACKEND,618,US,BACKEND,ROOT,QNN accelerator (execute) time
0,BACKEND,589,US,BACKEND,ROOT,Accelerator (execute) time
0,BACKEND,570,US,BACKEND,ROOT,Accelerator (execute excluding wait) time
0,EXECUTE,963,US,BACKEND,ROOT,QNN (execute) time
0,BACKEND,4,COUNT,BACKEND,ROOT,Number of HVX threads used
0,BACKEND,1211,US,BACKEND,ROOT,RPC (execute) time
0,BACKEND,824,US,BACKEND,ROOT,QNN accelerator (execute) time
0,BACKEND,773,US,BACKEND,ROOT,Accelerator (execute) time
0,BACKEND,617,US,BACKEND,ROOT,Accelerator (execute excluding wait) time
0,EXECUTE,1295,US,BACKEND,ROOT,QNN (execute) time
0,BACKEND,4,COUNT,BACKEND,ROOT,Number of HVX threads used
0,BACKEND,1197,US,BACKEND,ROOT,RPC (execute) time
0,BACKEND,829,US,BACKEND,ROOT,QNN accelerator (execute) time
0,BACKEND,773,US,BACKEND,ROOT,Accelerator (execute) time
0,BACKEND,618,US,BACKEND,ROOT,Accelerator (execute excluding wait) time
0,EXECUTE,1292,US,BACKEND,ROOT,QNN (execute) time
0,BACKEND,4,COUNT,BACKEND,ROOT,Number of HVX threads used
0,BACKEND,883,US,BACKEND,ROOT,RPC (execute) time
0,BACKEND,617,US,BACKEND,ROOT,QNN accelerator (execute) time
0,BACKEND,590,US,BACKEND,ROOT,Accelerator (execute) time
0,BACKEND,570,US,BACKEND,ROOT,Accelerator (execute excluding wait) time
0,EXECUTE,935,US,BACKEND,ROOT,QNN (execute) time
0,BACKEND,4,COUNT,BACKEND,ROOT,Number of HVX threads used
0,BACKEND,1469,US,BACKEND,ROOT,RPC (execute) time
0,BACKEND,828,US,BACKEND,ROOT,QNN accelerator (execute) time
0,BACKEND,774,US,BACKEND,ROOT,Accelerator (execute) time
0,BACKEND,620,US,BACKEND,ROOT,Accelerator (execute excluding wait) time
0,EXECUTE,1558,US,BACKEND,ROOT,QNN (execute) time
0,BACKEND,4,COUNT,BACKEND,ROOT,Number of HVX threads used
0,BACKEND,864,US,BACKEND,ROOT,RPC (execute) time
0,BACKEND,620,US,BACKEND,ROOT,QNN accelerator (execute) time
0,BACKEND,593,US,BACKEND,ROOT,Accelerator (execute) time
0,BACKEND,574,US,BACKEND,ROOT,Accelerator (execute excluding wait) time
0,EXECUTE,937,US,BACKEND,ROOT,QNN (execute) time
0,BACKEND,4,COUNT,BACKEND,ROOT,Number of HVX threads used
0,BACKEND,1155,US,BACKEND,ROOT,RPC (execute) time
0,BACKEND,823,US,BACKEND,ROOT,QNN accelerator (execute) time
0,BACKEND,769,US,BACKEND,ROOT,Accelerator (execute) time
0,BACKEND,615,US,BACKEND,ROOT,Accelerator (execute excluding wait) time
0,EXECUTE,1230,US,BACKEND,ROOT,QNN (execute) time
0,BACKEND,4,COUNT,BACKEND,ROOT,Number of HVX threads used
0,BACKEND,1153,US,BACKEND,ROOT,RPC (execute) time
0,BACKEND,824,US,BACKEND,ROOT,QNN accelerator (execute) time
0,BACKEND,770,US,BACKEND,ROOT,Accelerator (execute) time
0,BACKEND,615,US,BACKEND,ROOT,Accelerator (execute excluding wait) time
0,EXECUTE,1243,US,BACKEND,ROOT,QNN (execute) time
0,BACKEND,4,COUNT,BACKEND,ROOT,Number of HVX threads used
0,BACKEND,883,US,BACKEND,ROOT,RPC (execute) time
0,BACKEND,621,US,BACKEND,ROOT,QNN accelerator (execute) time
0,BACKEND,592,US,BACKEND,ROOT,Accelerator (execute) time
0,BACKEND,572,US,BACKEND,ROOT,Accelerator (execute excluding wait) time
0,EXECUTE,954,US,BACKEND,ROOT,QNN (execute) time
0,BACKEND,4,COUNT,BACKEND,ROOT,Number of HVX threads used
0,BACKEND,1139,US,BACKEND,ROOT,RPC (execute) time
0,BACKEND,817,US,BACKEND,ROOT,QNN accelerator (execute) time
0,BACKEND,765,US,BACKEND,ROOT,Accelerator (execute) time
0,BACKEND,611,US,BACKEND,ROOT,Accelerator (execute excluding wait) time
0,EXECUTE,1198,US,BACKEND,ROOT,QNN (execute) time
0,BACKEND,4,COUNT,BACKEND,ROOT,Number of HVX threads used
0,BACKEND,937,US,BACKEND,ROOT,RPC (execute) time
0,BACKEND,623,US,BACKEND,ROOT,QNN accelerator (execute) time
0,BACKEND,593,US,BACKEND,ROOT,Accelerator (execute) time
0,BACKEND,573,US,BACKEND,ROOT,Accelerator (execute excluding wait) time
0,EXECUTE,1045,US,BACKEND,ROOT,QNN (execute) time
0,BACKEND,4,COUNT,BACKEND,ROOT,Number of HVX threads used
0,BACKEND,1166,US,BACKEND,ROOT,RPC (execute) time
0,BACKEND,819,US,BACKEND,ROOT,QNN accelerator (execute) time
0,BACKEND,767,US,BACKEND,ROOT,Accelerator (execute) time
0,BACKEND,614,US,BACKEND,ROOT,Accelerator (execute excluding wait) time
0,EXECUTE,1235,US,BACKEND,ROOT,QNN (execute) time
0,BACKEND,4,COUNT,BACKEND,ROOT,Number of HVX threads used
0,BACKEND,1246,US,BACKEND,ROOT,RPC (execute) time
0,BACKEND,921,US,BACKEND,ROOT,QNN accelerator (execute) time
0,BACKEND,864,US,BACKEND,ROOT,Accelerator (execute) time
0,BACKEND,620,US,BACKEND,ROOT,Accelerator (execute excluding wait) time
0,EXECUTE,1327,US,BACKEND,ROOT,QNN (execute) time
0,BACKEND,4,COUNT,BACKEND,ROOT,Number of HVX threads used
0,BACKEND,904,US,BACKEND,ROOT,RPC (execute) time
0,BACKEND,617,US,BACKEND,ROOT,QNN accelerator (execute) time
0,BACKEND,590,US,BACKEND,ROOT,Accelerator (execute) time
0,BACKEND,570,US,BACKEND,ROOT,Accelerator (execute excluding wait) time
0,EXECUTE,971,US,BACKEND,ROOT,QNN (execute) time
0,BACKEND,4,COUNT,BACKEND,ROOT,Number of HVX threads used
0,BACKEND,1120,US,BACKEND,ROOT,RPC (execute) time
0,BACKEND,818,US,BACKEND,ROOT,QNN accelerator (execute) time
0,BACKEND,767,US,BACKEND,ROOT,Accelerator (execute) time
0,BACKEND,614,US,BACKEND,ROOT,Accelerator (execute excluding wait) time
0,EXECUTE,1181,US,BACKEND,ROOT,QNN (execute) time
0,BACKEND,4,COUNT,BACKEND,ROOT,Number of HVX threads used
0,BACKEND,1135,US,BACKEND,ROOT,RPC (execute) time
0,BACKEND,820,US,BACKEND,ROOT,QNN accelerator (execute) time
0,BACKEND,768,US,BACKEND,ROOT,Accelerator (execute) time
0,BACKEND,614,US,BACKEND,ROOT,Accelerator (execute excluding wait) time
0,EXECUTE,1213,US,BACKEND,ROOT,QNN (execute) time
0,BACKEND,4,COUNT,BACKEND,ROOT,Number of HVX threads used
0,BACKEND,893,US,BACKEND,ROOT,RPC (execute) time
0,BACKEND,619,US,BACKEND,ROOT,QNN accelerator (execute) time
0,BACKEND,591,US,BACKEND,ROOT,Accelerator (execute) time
0,BACKEND,570,US,BACKEND,ROOT,Accelerator (execute excluding wait) time
0,EXECUTE,947,US,BACKEND,ROOT,QNN (execute) time
0,BACKEND,4,COUNT,BACKEND,ROOT,Number of HVX threads used
0,BACKEND,1193,US,BACKEND,ROOT,RPC (execute) time
0,BACKEND,826,US,BACKEND,ROOT,QNN accelerator (execute) time
0,BACKEND,772,US,BACKEND,ROOT,Accelerator (execute) time
0,BACKEND,614,US,BACKEND,ROOT,Accelerator (execute excluding wait) time
0,EXECUTE,1278,US,BACKEND,ROOT,QNN (execute) time
0,BACKEND,4,COUNT,BACKEND,ROOT,Number of HVX threads used
0,BACKEND,867,US,BACKEND,ROOT,RPC (execute) time
0,BACKEND,621,US,BACKEND,ROOT,QNN accelerator (execute) time
0,BACKEND,593,US,BACKEND,ROOT,Accelerator (execute) time
0,BACKEND,573,US,BACKEND,ROOT,Accelerator (execute excluding wait) time
0,EXECUTE,938,US,BACKEND,ROOT,QNN (execute) time
0,BACKEND,4,COUNT,BACKEND,ROOT,Number of HVX threads used
0,BACKEND,1142,US,BACKEND,ROOT,RPC (execute) time
0,BACKEND,827,US,BACKEND,ROOT,QNN accelerator (execute) time
0,BACKEND,774,US,BACKEND,ROOT,Accelerator (execute) time
0,BACKEND,616,US,BACKEND,ROOT,Accelerator (execute excluding wait) time
0,EXECUTE,1260,US,BACKEND,ROOT,QNN (execute) time
0,BACKEND,4,COUNT,BACKEND,ROOT,Number of HVX threads used
0,BACKEND,1176,US,BACKEND,ROOT,RPC (execute) time
0,BACKEND,828,US,BACKEND,ROOT,QNN accelerator (execute) time
0,BACKEND,773,US,BACKEND,ROOT,Accelerator (execute) time
0,BACKEND,617,US,BACKEND,ROOT,Accelerator (execute excluding wait) time
0,EXECUTE,1254,US,BACKEND,ROOT,QNN (execute) time
0,BACKEND,4,COUNT,BACKEND,ROOT,Number of HVX threads used
0,BACKEND,980,US,BACKEND,ROOT,RPC (execute) time
0,BACKEND,617,US,BACKEND,ROOT,QNN accelerator (execute) time
0,BACKEND,591,US,BACKEND,ROOT,Accelerator (execute) time
0,BACKEND,572,US,BACKEND,ROOT,Accelerator (execute excluding wait) time
0,EXECUTE,1105,US,BACKEND,ROOT,QNN (execute) time
0,BACKEND,4,COUNT,BACKEND,ROOT,Number of HVX threads used
0,BACKEND,1086,US,BACKEND,ROOT,RPC (execute) time
0,BACKEND,811,US,BACKEND,ROOT,QNN accelerator (execute) time
0,BACKEND,761,US,BACKEND,ROOT,Accelerator (execute) time
0,BACKEND,610,US,BACKEND,ROOT,Accelerator (execute excluding wait) time
0,EXECUTE,1163,US,BACKEND,ROOT,QNN (execute) time
0,BACKEND,4,COUNT,BACKEND,ROOT,Number of HVX threads used
0,BACKEND,3188,US,BACKEND,ROOT,RPC (execute) time
0,BACKEND,2908,US,BACKEND,ROOT,QNN accelerator (execute) time
0,BACKEND,1,COUNT,BACKEND,ROOT,Num times yield occured
0,BACKEND,330064,CYCLES,BACKEND,SUB-EVENT,Yield 0 release time(cycles)
0,BACKEND,2322819,CYCLES,BACKEND,SUB-EVENT,Yield 0 wait time(cycles)
0,BACKEND,215430,CYCLES,BACKEND,SUB-EVENT,Yield 0 restore time(cycles)
0,BACKEND,2850,US,BACKEND,ROOT,Accelerator (execute) time
0,BACKEND,816,US,BACKEND,ROOT,Accelerator (execute excluding wait) time
0,EXECUTE,3269,US,BACKEND,ROOT,QNN (execute) time
0,BACKEND,4,COUNT,BACKEND,ROOT,Number of HVX threads used
0,BACKEND,941,US,BACKEND,ROOT,RPC (execute) time
0,BACKEND,662,US,BACKEND,ROOT,QNN accelerator (execute) time
0,BACKEND,629,US,BACKEND,ROOT,Accelerator (execute) time
0,BACKEND,602,US,BACKEND,ROOT,Accelerator (execute excluding wait) time
0,EXECUTE,1027,US,BACKEND,ROOT,QNN (execute) time
0,BACKEND,4,COUNT,BACKEND,ROOT,Number of HVX threads used
0,BACKEND,1189,US,BACKEND,ROOT,RPC (execute) time
0,BACKEND,848,US,BACKEND,ROOT,QNN accelerator (execute) time
0,BACKEND,784,US,BACKEND,ROOT,Accelerator (execute) time
0,BACKEND,617,US,BACKEND,ROOT,Accelerator (execute excluding wait) time
0,EXECUTE,1276,US,BACKEND,ROOT,QNN (execute) time
0,BACKEND,4,COUNT,BACKEND,ROOT,Number of HVX threads used
0,BACKEND,875,US,BACKEND,ROOT,RPC (execute) time
0,BACKEND,617,US,BACKEND,ROOT,QNN accelerator (execute) time
0,BACKEND,591,US,BACKEND,ROOT,Accelerator (execute) time
0,BACKEND,571,US,BACKEND,ROOT,Accelerator (execute excluding wait) time
0,EXECUTE,952,US,BACKEND,ROOT,QNN (execute) time
0,BACKEND,4,COUNT,BACKEND,ROOT,Number of HVX threads used
0,BACKEND,1194,US,BACKEND,ROOT,RPC (execute) time
0,BACKEND,880,US,BACKEND,ROOT,QNN accelerator (execute) time
0,BACKEND,827,US,BACKEND,ROOT,Accelerator (execute) time
0,BACKEND,615,US,BACKEND,ROOT,Accelerator (execute excluding wait) time
0,EXECUTE,1250,US,BACKEND,ROOT,QNN (execute) time
0,BACKEND,4,COUNT,BACKEND,ROOT,Number of HVX threads used
0,BACKEND,1103,US,BACKEND,ROOT,RPC (execute) time
0,BACKEND,816,US,BACKEND,ROOT,QNN accelerator (execute) time
0,BACKEND,760,US,BACKEND,ROOT,Accelerator (execute) time
0,BACKEND,611,US,BACKEND,ROOT,Accelerator (execute excluding wait) time
0,EXECUTE,1157,US,BACKEND,ROOT,QNN (execute) time
0,BACKEND,4,COUNT,BACKEND,ROOT,Number of HVX threads used
0,BACKEND,889,US,BACKEND,ROOT,RPC (execute) time
0,BACKEND,622,US,BACKEND,ROOT,QNN accelerator (execute) time
0,BACKEND,594,US,BACKEND,ROOT,Accelerator (execute) time
0,BACKEND,574,US,BACKEND,ROOT,Accelerator (execute excluding wait) time
0,EXECUTE,974,US,BACKEND,ROOT,QNN (execute) time
0,BACKEND,4,COUNT,BACKEND,ROOT,Number of HVX threads used
0,BACKEND,1157,US,BACKEND,ROOT,RPC (execute) time
0,BACKEND,831,US,BACKEND,ROOT,QNN accelerator (execute) time
0,BACKEND,778,US,BACKEND,ROOT,Accelerator (execute) time
0,BACKEND,618,US,BACKEND,ROOT,Accelerator (execute excluding wait) time
0,EXECUTE,1212,US,BACKEND,ROOT,QNN (execute) time
0,BACKEND,4,COUNT,BACKEND,ROOT,Number of HVX threads used
0,BACKEND,868,US,BACKEND,ROOT,RPC (execute) time
0,BACKEND,618,US,BACKEND,ROOT,QNN accelerator (execute) time
0,BACKEND,590,US,BACKEND,ROOT,Accelerator (execute) time
0,BACKEND,571,US,BACKEND,ROOT,Accelerator (execute excluding wait) time
0,EXECUTE,928,US,BACKEND,ROOT,QNN (execute) time
0,BACKEND,4,COUNT,BACKEND,ROOT,Number of HVX threads used
0,BACKEND,1118,US,BACKEND,ROOT,RPC (execute) time
0,BACKEND,824,US,BACKEND,ROOT,QNN accelerator (execute) time
0,BACKEND,769,US,BACKEND,ROOT,Accelerator (execute) time
0,BACKEND,614,US,BACKEND,ROOT,Accelerator (execute excluding wait) time
0,EXECUTE,1215,US,BACKEND,ROOT,QNN (execute) time
0,BACKEND,4,COUNT,BACKEND,ROOT,Number of HVX threads used
0,BACKEND,1121,US,BACKEND,ROOT,RPC (execute) time
0,BACKEND,826,US,BACKEND,ROOT,QNN accelerator (execute) time
0,BACKEND,771,US,BACKEND,ROOT,Accelerator (execute) time
0,BACKEND,616,US,BACKEND,ROOT,Accelerator (execute excluding wait) time
0,EXECUTE,1179,US,BACKEND,ROOT,QNN (execute) time
0,BACKEND,4,COUNT,BACKEND,ROOT,Number of HVX threads used
0,BACKEND,856,US,BACKEND,ROOT,RPC (execute) time
0,BACKEND,620,US,BACKEND,ROOT,QNN accelerator (execute) time
0,BACKEND,591,US,BACKEND,ROOT,Accelerator (execute) time
0,BACKEND,572,US,BACKEND,ROOT,Accelerator (execute excluding wait) time
0,EXECUTE,912,US,BACKEND,ROOT,QNN (execute) time
0,BACKEND,4,COUNT,BACKEND,ROOT,Number of HVX threads used
0,BACKEND,1117,US,BACKEND,ROOT,RPC (execute) time
0,BACKEND,815,US,BACKEND,ROOT,QNN accelerator (execute) time
0,BACKEND,763,US,BACKEND,ROOT,Accelerator (execute) time
0,BACKEND,612,US,BACKEND,ROOT,Accelerator (execute excluding wait) time
0,EXECUTE,1177,US,BACKEND,ROOT,QNN (execute) time
0,BACKEND,4,COUNT,BACKEND,ROOT,Number of HVX threads used
0,BACKEND,3516,US,BACKEND,ROOT,RPC (execute) time
0,BACKEND,3233,US,BACKEND,ROOT,QNN accelerator (execute) time
0,BACKEND,1,COUNT,BACKEND,ROOT,Num times yield occured
0,BACKEND,326148,CYCLES,BACKEND,SUB-EVENT,Yield 0 release time(cycles)
0,BACKEND,2312472,CYCLES,BACKEND,SUB-EVENT,Yield 0 wait time(cycles)
0,BACKEND,193079,CYCLES,BACKEND,SUB-EVENT,Yield 0 restore time(cycles)
0,BACKEND,3174,US,BACKEND,ROOT,Accelerator (execute) time
0,BACKEND,804,US,BACKEND,ROOT,Accelerator (execute excluding wait) time
0,EXECUTE,3731,US,BACKEND,ROOT,QNN (execute) time
0,BACKEND,4,COUNT,BACKEND,ROOT,Number of HVX threads used
0,BACKEND,918,US,BACKEND,ROOT,RPC (execute) time
0,BACKEND,638,US,BACKEND,ROOT,QNN accelerator (execute) time
0,BACKEND,608,US,BACKEND,ROOT,Accelerator (execute) time
0,BACKEND,579,US,BACKEND,ROOT,Accelerator (execute excluding wait) time
0,EXECUTE,1025,US,BACKEND,ROOT,QNN (execute) time
0,BACKEND,4,COUNT,BACKEND,ROOT,Number of HVX threads used
0,BACKEND,1214,US,BACKEND,ROOT,RPC (execute) time
0,BACKEND,830,US,BACKEND,ROOT,QNN accelerator (execute) time
0,BACKEND,775,US,BACKEND,ROOT,Accelerator (execute) time
0,BACKEND,617,US,BACKEND,ROOT,Accelerator (execute excluding wait) time
0,EXECUTE,1357,US,BACKEND,ROOT,QNN (execute) time
0,BACKEND,4,COUNT,BACKEND,ROOT,Number of HVX threads used
0,BACKEND,895,US,BACKEND,ROOT,RPC (execute) time
0,BACKEND,621,US,BACKEND,ROOT,QNN accelerator (execute) time
0,BACKEND,591,US,BACKEND,ROOT,Accelerator (execute) time
0,BACKEND,573,US,BACKEND,ROOT,Accelerator (execute excluding wait) time
0,EXECUTE,959,US,BACKEND,ROOT,QNN (execute) time
0,BACKEND,4,COUNT,BACKEND,ROOT,Number of HVX threads used
0,BACKEND,1111,US,BACKEND,ROOT,RPC (execute) time
0,BACKEND,820,US,BACKEND,ROOT,QNN accelerator (execute) time
0,BACKEND,767,US,BACKEND,ROOT,Accelerator (execute) time
0,BACKEND,615,US,BACKEND,ROOT,Accelerator (execute excluding wait) time
0,EXECUTE,1165,US,BACKEND,ROOT,QNN (execute) time
0,BACKEND,4,COUNT,BACKEND,ROOT,Number of HVX threads used
0,BACKEND,1287,US,BACKEND,ROOT,RPC (execute) time
0,BACKEND,826,US,BACKEND,ROOT,QNN accelerator (execute) time
0,BACKEND,771,US,BACKEND,ROOT,Accelerator (execute) time
0,BACKEND,615,US,BACKEND,ROOT,Accelerator (execute excluding wait) time
0,EXECUTE,1359,US,BACKEND,ROOT,QNN (execute) time
0,BACKEND,4,COUNT,BACKEND,ROOT,Number of HVX threads used
0,BACKEND,1027,US,BACKEND,ROOT,RPC (execute) time
0,BACKEND,684,US,BACKEND,ROOT,QNN accelerator (execute) time
0,BACKEND,653,US,BACKEND,ROOT,Accelerator (execute) time
0,BACKEND,575,US,BACKEND,ROOT,Accelerator (execute excluding wait) time
0,EXECUTE,1124,US,BACKEND,ROOT,QNN (execute) time
0,BACKEND,4,COUNT,BACKEND,ROOT,Number of HVX threads used
0,BACKEND,1104,US,BACKEND,ROOT,RPC (execute) time
0,BACKEND,821,US,BACKEND,ROOT,QNN accelerator (execute) time
0,BACKEND,765,US,BACKEND,ROOT,Accelerator (execute) time
0,BACKEND,614,US,BACKEND,ROOT,Accelerator (execute excluding wait) time
0,EXECUTE,1171,US,BACKEND,ROOT,QNN (execute) time
0,BACKEND,4,COUNT,BACKEND,ROOT,Number of HVX threads used
0,BACKEND,853,US,BACKEND,ROOT,RPC (execute) time
0,BACKEND,620,US,BACKEND,ROOT,QNN accelerator (execute) time
0,BACKEND,592,US,BACKEND,ROOT,Accelerator (execute) time
0,BACKEND,573,US,BACKEND,ROOT,Accelerator (execute excluding wait) time
0,EXECUTE,908,US,BACKEND,ROOT,QNN (execute) time
0,BACKEND,4,COUNT,BACKEND,ROOT,Number of HVX threads used
0,BACKEND,1121,US,BACKEND,ROOT,RPC (execute) time
0,BACKEND,822,US,BACKEND,ROOT,QNN accelerator (execute) time
0,BACKEND,771,US,BACKEND,ROOT,Accelerator (execute) time
0,BACKEND,618,US,BACKEND,ROOT,Accelerator (execute excluding wait) time
0,EXECUTE,1189,US,BACKEND,ROOT,QNN (execute) time
0,BACKEND,4,COUNT,BACKEND,ROOT,Number of HVX threads used
0,BACKEND,1131,US,BACKEND,ROOT,RPC (execute) time
0,BACKEND,827,US,BACKEND,ROOT,QNN accelerator (execute) time
0,BACKEND,774,US,BACKEND,ROOT,Accelerator (execute) time
0,BACKEND,618,US,BACKEND,ROOT,Accelerator (execute excluding wait) time
0,EXECUTE,1194,US,BACKEND,ROOT,QNN (execute) time
0,BACKEND,4,COUNT,BACKEND,ROOT,Number of HVX threads used
0,BACKEND,923,US,BACKEND,ROOT,RPC (execute) time
0,BACKEND,621,US,BACKEND,ROOT,QNN accelerator (execute) time
0,BACKEND,590,US,BACKEND,ROOT,Accelerator (execute) time
0,BACKEND,571,US,BACKEND,ROOT,Accelerator (execute excluding wait) time
0,EXECUTE,1011,US,BACKEND,ROOT,QNN (execute) time
0,BACKEND,4,COUNT,BACKEND,ROOT,Number of HVX threads used
0,BACKEND,1172,US,BACKEND,ROOT,RPC (execute) time
0,BACKEND,813,US,BACKEND,ROOT,QNN accelerator (execute) time
0,BACKEND,760,US,BACKEND,ROOT,Accelerator (execute) time
0,BACKEND,610,US,BACKEND,ROOT,Accelerator (execute excluding wait) time
0,EXECUTE,1279,US,BACKEND,ROOT,QNN (execute) time
0,BACKEND,4,COUNT,BACKEND,ROOT,Number of HVX threads used
0,BACKEND,854,US,BACKEND,ROOT,RPC (execute) time
0,BACKEND,621,US,BACKEND,ROOT,QNN accelerator (execute) time
0,BACKEND,594,US,BACKEND,ROOT,Accelerator (execute) time
0,BACKEND,573,US,BACKEND,ROOT,Accelerator (execute excluding wait) time
0,EXECUTE,915,US,BACKEND,ROOT,QNN (execute) time
0,BACKEND,4,COUNT,BACKEND,ROOT,Number of HVX threads used
0,BACKEND,1152,US,BACKEND,ROOT,RPC (execute) time
0,BACKEND,817,US,BACKEND,ROOT,QNN accelerator (execute) time
0,BACKEND,762,US,BACKEND,ROOT,Accelerator (execute) time
0,BACKEND,611,US,BACKEND,ROOT,Accelerator (execute excluding wait) time
0,EXECUTE,1234,US,BACKEND,ROOT,QNN (execute) time
0,BACKEND,4,COUNT,BACKEND,ROOT,Number of HVX threads used
0,BACKEND,1144,US,BACKEND,ROOT,RPC (execute) time
0,BACKEND,819,US,BACKEND,ROOT,QNN accelerator (execute) time
0,BACKEND,766,US,BACKEND,ROOT,Accelerator (execute) time
0,BACKEND,615,US,BACKEND,ROOT,Accelerator (execute excluding wait) time
0,EXECUTE,1204,US,BACKEND,ROOT,QNN (execute) time
0,BACKEND,4,COUNT,BACKEND,ROOT,Number of HVX threads used
0,BACKEND,1082,US,BACKEND,ROOT,RPC (execute) time
0,BACKEND,619,US,BACKEND,ROOT,QNN accelerator (execute) time
0,BACKEND,592,US,BACKEND,ROOT,Accelerator (execute) time
0,BACKEND,572,US,BACKEND,ROOT,Accelerator (execute excluding wait) time
0,EXECUTE,1133,US,BACKEND,ROOT,QNN (execute) time
0,BACKEND,4,COUNT,BACKEND,ROOT,Number of HVX threads used
0,BACKEND,1129,US,BACKEND,ROOT,RPC (execute) time
0,BACKEND,815,US,BACKEND,ROOT,QNN accelerator (execute) time
0,BACKEND,762,US,BACKEND,ROOT,Accelerator (execute) time
0,BACKEND,611,US,BACKEND,ROOT,Accelerator (execute excluding wait) time
0,EXECUTE,1257,US,BACKEND,ROOT,QNN (execute) time
0,BACKEND,4,COUNT,BACKEND,ROOT,Number of HVX threads used
0,BACKEND,875,US,BACKEND,ROOT,RPC (execute) time
0,BACKEND,622,US,BACKEND,ROOT,QNN accelerator (execute) time
0,BACKEND,595,US,BACKEND,ROOT,Accelerator (execute) time
0,BACKEND,575,US,BACKEND,ROOT,Accelerator (execute excluding wait) time
0,EXECUTE,962,US,BACKEND,ROOT,QNN (execute) time
0,BACKEND,4,COUNT,BACKEND,ROOT,Number of HVX threads used
0,BACKEND,1119,US,BACKEND,ROOT,RPC (execute) time
0,BACKEND,823,US,BACKEND,ROOT,QNN accelerator (execute) time
0,BACKEND,770,US,BACKEND,ROOT,Accelerator (execute) time
0,BACKEND,617,US,BACKEND,ROOT,Accelerator (execute excluding wait) time
0,EXECUTE,1173,US,BACKEND,ROOT,QNN (execute) time
0,BACKEND,4,COUNT,BACKEND,ROOT,Number of HVX threads used
0,BACKEND,1194,US,BACKEND,ROOT,RPC (execute) time
0,BACKEND,827,US,BACKEND,ROOT,QNN accelerator (execute) time
0,BACKEND,772,US,BACKEND,ROOT,Accelerator (execute) time
0,BACKEND,615,US,BACKEND,ROOT,Accelerator (execute excluding wait) time
0,EXECUTE,1275,US,BACKEND,ROOT,QNN (execute) time
0,BACKEND,4,COUNT,BACKEND,ROOT,Number of HVX threads used
0,BACKEND,1140,US,BACKEND,ROOT,RPC (execute) time
0,BACKEND,689,US,BACKEND,ROOT,QNN accelerator (execute) time
0,BACKEND,654,US,BACKEND,ROOT,Accelerator (execute) time
0,BACKEND,577,US,BACKEND,ROOT,Accelerator (execute excluding wait) time
0,EXECUTE,1197,US,BACKEND,ROOT,QNN (execute) time
0,BACKEND,4,COUNT,BACKEND,ROOT,Number of HVX threads used
0,BACKEND,1155,US,BACKEND,ROOT,RPC (execute) time
0,BACKEND,827,US,BACKEND,ROOT,QNN accelerator (execute) time
0,BACKEND,773,US,BACKEND,ROOT,Accelerator (execute) time
0,BACKEND,616,US,BACKEND,ROOT,Accelerator (execute excluding wait) time
0,EXECUTE,1219,US,BACKEND,ROOT,QNN (execute) time
0,BACKEND,4,COUNT,BACKEND,ROOT,Number of HVX threads used
0,BACKEND,882,US,BACKEND,ROOT,RPC (execute) time
0,BACKEND,622,US,BACKEND,ROOT,QNN accelerator (execute) time
0,BACKEND,593,US,BACKEND,ROOT,Accelerator (execute) time
0,BACKEND,573,US,BACKEND,ROOT,Accelerator (execute excluding wait) time
0,EXECUTE,944,US,BACKEND,ROOT,QNN (execute) time
0,BACKEND,4,COUNT,BACKEND,ROOT,Number of HVX threads used
0,BACKEND,1522,US,BACKEND,ROOT,RPC (execute) time
0,BACKEND,821,US,BACKEND,ROOT,QNN accelerator (execute) time
0,BACKEND,769,US,BACKEND,ROOT,Accelerator (execute) time
0,BACKEND,614,US,BACKEND,ROOT,Accelerator (execute excluding wait) time
0,EXECUTE,1613,US,BACKEND,ROOT,QNN (execute) time
0,BACKEND,4,COUNT,BACKEND,ROOT,Number of HVX threads used
0,BACKEND,1147,US,BACKEND,ROOT,RPC (execute) time
0,BACKEND,832,US,BACKEND,ROOT,QNN accelerator (execute) time
0,BACKEND,779,US,BACKEND,ROOT,Accelerator (execute) time
0,BACKEND,621,US,BACKEND,ROOT,Accelerator (execute excluding wait) time
0,EXECUTE,1207,US,BACKEND,ROOT,QNN (execute) time
0,BACKEND,4,COUNT,BACKEND,ROOT,Number of HVX threads used
0,BACKEND,945,US,BACKEND,ROOT,RPC (execute) time
0,BACKEND,622,US,BACKEND,ROOT,QNN accelerator (execute) time
0,BACKEND,592,US,BACKEND,ROOT,Accelerator (execute) time
0,BACKEND,573,US,BACKEND,ROOT,Accelerator (execute excluding wait) time
0,EXECUTE,1037,US,BACKEND,ROOT,QNN (execute) time
0,BACKEND,4,COUNT,BACKEND,ROOT,Number of HVX threads used
0,BACKEND,1128,US,BACKEND,ROOT,RPC (execute) time
0,BACKEND,819,US,BACKEND,ROOT,QNN accelerator (execute) time
0,BACKEND,768,US,BACKEND,ROOT,Accelerator (execute) time
0,BACKEND,616,US,BACKEND,ROOT,Accelerator (execute excluding wait) time
0,EXECUTE,1187,US,BACKEND,ROOT,QNN (execute) time
0,BACKEND,4,COUNT,BACKEND,ROOT,Number of HVX threads used
0,BACKEND,1220,US,BACKEND,ROOT,RPC (execute) time
0,BACKEND,830,US,BACKEND,ROOT,QNN accelerator (execute) time
0,BACKEND,776,US,BACKEND,ROOT,Accelerator (execute) time
0,BACKEND,622,US,BACKEND,ROOT,Accelerator (execute excluding wait) time
0,EXECUTE,1276,US,BACKEND,ROOT,QNN (execute) time
0,BACKEND,4,COUNT,BACKEND,ROOT,Number of HVX threads used
0,BACKEND,900,US,BACKEND,ROOT,RPC (execute) time
0,BACKEND,620,US,BACKEND,ROOT,QNN accelerator (execute) time
0,BACKEND,591,US,BACKEND,ROOT,Accelerator (execute) time
0,BACKEND,570,US,BACKEND,ROOT,Accelerator (execute excluding wait) time
0,EXECUTE,968,US,BACKEND,ROOT,QNN (execute) time
0,BACKEND,4,COUNT,BACKEND,ROOT,Number of HVX threads used
0,BACKEND,1133,US,BACKEND,ROOT,RPC (execute) time
0,BACKEND,826,US,BACKEND,ROOT,QNN accelerator (execute) time
0,BACKEND,775,US,BACKEND,ROOT,Accelerator (execute) time
0,BACKEND,619,US,BACKEND,ROOT,Accelerator (execute excluding wait) time
0,EXECUTE,1204,US,BACKEND,ROOT,QNN (execute) time
0,BACKEND,4,COUNT,BACKEND,ROOT,Number of HVX threads used
0,BACKEND,905,US,BACKEND,ROOT,RPC (execute) time
0,BACKEND,625,US,BACKEND,ROOT,QNN accelerator (execute) time
0,BACKEND,596,US,BACKEND,ROOT,Accelerator (execute) time
0,BACKEND,577,US,BACKEND,ROOT,Accelerator (execute excluding wait) time
0,EXECUTE,965,US,BACKEND,ROOT,QNN (execute) time
0,BACKEND,4,COUNT,BACKEND,ROOT,Number of HVX threads used
0,BACKEND,1161,US,BACKEND,ROOT,RPC (execute) time
0,BACKEND,826,US,BACKEND,ROOT,QNN accelerator (execute) time
0,BACKEND,773,US,BACKEND,ROOT,Accelerator (execute) time
0,BACKEND,619,US,BACKEND,ROOT,Accelerator (execute excluding wait) time
0,EXECUTE,1231,US,BACKEND,ROOT,QNN (execute) time
0,BACKEND,4,COUNT,BACKEND,ROOT,Number of HVX threads used
0,BACKEND,1142,US,BACKEND,ROOT,RPC (execute) time
0,BACKEND,824,US,BACKEND,ROOT,QNN accelerator (execute) time
0,BACKEND,771,US,BACKEND,ROOT,Accelerator (execute) time
0,BACKEND,615,US,BACKEND,ROOT,Accelerator (execute excluding wait) time
0,EXECUTE,1202,US,BACKEND,ROOT,QNN (execute) time
0,BACKEND,4,COUNT,BACKEND,ROOT,Number of HVX threads used
0,BACKEND,860,US,BACKEND,ROOT,RPC (execute) time
0,BACKEND,622,US,BACKEND,ROOT,QNN accelerator (execute) time
0,BACKEND,593,US,BACKEND,ROOT,Accelerator (execute) time
0,BACKEND,572,US,BACKEND,ROOT,Accelerator (execute excluding wait) time
0,EXECUTE,912,US,BACKEND,ROOT,QNN (execute) time
0,BACKEND,4,COUNT,BACKEND,ROOT,Number of HVX threads used
0,BACKEND,1159,US,BACKEND,ROOT,RPC (execute) time
0,BACKEND,823,US,BACKEND,ROOT,QNN accelerator (execute) time
0,BACKEND,768,US,BACKEND,ROOT,Accelerator (execute) time
0,BACKEND,615,US,BACKEND,ROOT,Accelerator (execute excluding wait) time
0,EXECUTE,1243,US,BACKEND,ROOT,QNN (execute) time
0,BACKEND,4,COUNT,BACKEND,ROOT,Number of HVX threads used
0,BACKEND,940,US,BACKEND,ROOT,RPC (execute) time
0,BACKEND,687,US,BACKEND,ROOT,QNN accelerator (execute) time
0,BACKEND,658,US,BACKEND,ROOT,Accelerator (execute) time
0,BACKEND,582,US,BACKEND,ROOT,Accelerator (execute excluding wait) time
0,EXECUTE,998,US,BACKEND,ROOT,QNN (execute) time
0,BACKEND,4,COUNT,BACKEND,ROOT,Number of HVX threads used
0,BACKEND,1235,US,BACKEND,ROOT,RPC (execute) time
0,BACKEND,821,US,BACKEND,ROOT,QNN accelerator (execute) time
0,BACKEND,767,US,BACKEND,ROOT,Accelerator (execute) time
0,BACKEND,613,US,BACKEND,ROOT,Accelerator (execute excluding wait) time
0,EXECUTE,1330,US,BACKEND,ROOT,QNN (execute) time
0,BACKEND,4,COUNT,BACKEND,ROOT,Number of HVX threads used
0,BACKEND,1144,US,BACKEND,ROOT,RPC (execute) time
0,BACKEND,820,US,BACKEND,ROOT,QNN accelerator (execute) time
0,BACKEND,767,US,BACKEND,ROOT,Accelerator (execute) time
0,BACKEND,614,US,BACKEND,ROOT,Accelerator (execute excluding wait) time
0,EXECUTE,1221,US,BACKEND,ROOT,QNN (execute) time
0,BACKEND,4,COUNT,BACKEND,ROOT,Number of HVX threads used
0,BACKEND,876,US,BACKEND,ROOT,RPC (execute) time
0,BACKEND,618,US,BACKEND,ROOT,QNN accelerator (execute) time
0,BACKEND,590,US,BACKEND,ROOT,Accelerator (execute) time
0,BACKEND,571,US,BACKEND,ROOT,Accelerator (execute excluding wait) time
0,EXECUTE,934,US,BACKEND,ROOT,QNN (execute) time
0,BACKEND,4,COUNT,BACKEND,ROOT,Number of HVX threads used
0,BACKEND,1118,US,BACKEND,ROOT,RPC (execute) time
0,BACKEND,826,US,BACKEND,ROOT,QNN accelerator (execute) time
0,BACKEND,774,US,BACKEND,ROOT,Accelerator (execute) time
0,BACKEND,618,US,BACKEND,ROOT,Accelerator (execute excluding wait) time
0,EXECUTE,1172,US,BACKEND,ROOT,QNN (execute) time
0,BACKEND,4,COUNT,BACKEND,ROOT,Number of HVX threads used
0,BACKEND,1323,US,BACKEND,ROOT,RPC (execute) time
0,BACKEND,825,US,BACKEND,ROOT,QNN accelerator (execute) time
0,BACKEND,772,US,BACKEND,ROOT,Accelerator (execute) time
0,BACKEND,617,US,BACKEND,ROOT,Accelerator (execute excluding wait) time
0,EXECUTE,1404,US,BACKEND,ROOT,QNN (execute) time
0,BACKEND,4,COUNT,BACKEND,ROOT,Number of HVX threads used
0,BACKEND,894,US,BACKEND,ROOT,RPC (execute) time
0,BACKEND,623,US,BACKEND,ROOT,QNN accelerator (execute) time
0,BACKEND,593,US,BACKEND,ROOT,Accelerator (execute) time
0,BACKEND,574,US,BACKEND,ROOT,Accelerator (execute excluding wait) time
0,EXECUTE,1002,US,BACKEND,ROOT,QNN (execute) time
0,BACKEND,4,COUNT,BACKEND,ROOT,Number of HVX threads used
0,BACKEND,1133,US,BACKEND,ROOT,RPC (execute) time
0,BACKEND,827,US,BACKEND,ROOT,QNN accelerator (execute) time
0,BACKEND,775,US,BACKEND,ROOT,Accelerator (execute) time
0,BACKEND,617,US,BACKEND,ROOT,Accelerator (execute excluding wait) time
0,EXECUTE,1204,US,BACKEND,ROOT,QNN (execute) time
0,BACKEND,4,COUNT,BACKEND,ROOT,Number of HVX threads used
0,BACKEND,885,US,BACKEND,ROOT,RPC (execute) time
0,BACKEND,621,US,BACKEND,ROOT,QNN accelerator (execute) time
0,BACKEND,593,US,BACKEND,ROOT,Accelerator (execute) time
0,BACKEND,570,US,BACKEND,ROOT,Accelerator (execute excluding wait) time
0,EXECUTE,952,US,BACKEND,ROOT,QNN (execute) time
0,BACKEND,4,COUNT,BACKEND,ROOT,Number of HVX threads used
0,BACKEND,1169,US,BACKEND,ROOT,RPC (execute) time
0,BACKEND,816,US,BACKEND,ROOT,QNN accelerator (execute) time
0,BACKEND,763,US,BACKEND,ROOT,Accelerator (execute) time
0,BACKEND,613,US,BACKEND,ROOT,Accelerator (execute excluding wait) time
0,EXECUTE,1256,US,BACKEND,ROOT,QNN (execute) time
0,BACKEND,4,COUNT,BACKEND,ROOT,Number of HVX threads used
0,BACKEND,1183,US,BACKEND,ROOT,RPC (execute) time
0,BACKEND,831,US,BACKEND,ROOT,QNN accelerator (execute) time
0,BACKEND,777,US,BACKEND,ROOT,Accelerator (execute) time
0,BACKEND,621,US,BACKEND,ROOT,Accelerator (execute excluding wait) time
0,EXECUTE,1269,US,BACKEND,ROOT,QNN (execute) time
0,BACKEND,4,COUNT,BACKEND,ROOT,Number of HVX threads used
0,BACKEND,864,US,BACKEND,ROOT,RPC (execute) time
0,BACKEND,620,US,BACKEND,ROOT,QNN accelerator (execute) time
0,BACKEND,593,US,BACKEND,ROOT,Accelerator (execute) time
0,BACKEND,572,US,BACKEND,ROOT,Accelerator (execute excluding wait) time
0,EXECUTE,931,US,BACKEND,ROOT,QNN (execute) time
0,BACKEND,4,COUNT,BACKEND,ROOT,Number of HVX threads used
0,BACKEND,1693,US,BACKEND,ROOT,RPC (execute) time
0,BACKEND,818,US,BACKEND,ROOT,QNN accelerator (execute) time
0,BACKEND,767,US,BACKEND,ROOT,Accelerator (execute) time
0,BACKEND,615,US,BACKEND,ROOT,Accelerator (execute excluding wait) time
0,EXECUTE,1758,US,BACKEND,ROOT,QNN (execute) time
0,BACKEND,4,COUNT,BACKEND,ROOT,Number of HVX threads used
0,BACKEND,867,US,BACKEND,ROOT,RPC (execute) time
0,BACKEND,623,US,BACKEND,ROOT,QNN accelerator (execute) time
0,BACKEND,595,US,BACKEND,ROOT,Accelerator (execute) time
0,BACKEND,576,US,BACKEND,ROOT,Accelerator (execute excluding wait) time
0,EXECUTE,937,US,BACKEND,ROOT,QNN (execute) time
0,BACKEND,4,COUNT,BACKEND,ROOT,Number of HVX threads used
0,BACKEND,1471,US,BACKEND,ROOT,RPC (execute) time
0,BACKEND,849,US,BACKEND,ROOT,QNN accelerator (execute) time
0,BACKEND,789,US,BACKEND,ROOT,Accelerator (execute) time
0,BACKEND,620,US,BACKEND,ROOT,Accelerator (execute excluding wait) time
0,EXECUTE,1535,US,BACKEND,ROOT,QNN (execute) time
0,BACKEND,4,COUNT,BACKEND,ROOT,Number of HVX threads used
0,BACKEND,1279,US,BACKEND,ROOT,RPC (execute) time
0,BACKEND,917,US,BACKEND,ROOT,QNN accelerator (execute) time
0,BACKEND,858,US,BACKEND,ROOT,Accelerator (execute) time
0,BACKEND,618,US,BACKEND,ROOT,Accelerator (execute excluding wait) time
0,EXECUTE,1373,US,BACKEND,ROOT,QNN (execute) time
0,BACKEND,4,COUNT,BACKEND,ROOT,Number of HVX threads used
0,BACKEND,894,US,BACKEND,ROOT,RPC (execute) time
0,BACKEND,628,US,BACKEND,ROOT,QNN accelerator (execute) time
0,BACKEND,600,US,BACKEND,ROOT,Accelerator (execute) time
0,BACKEND,577,US,BACKEND,ROOT,Accelerator (execute excluding wait) time
0,EXECUTE,951,US,BACKEND,ROOT,QNN (execute) time
0,BACKEND,4,COUNT,BACKEND,ROOT,Number of HVX threads used
0,BACKEND,1357,US,BACKEND,ROOT,RPC (execute) time
0,BACKEND,825,US,BACKEND,ROOT,QNN accelerator (execute) time
0,BACKEND,772,US,BACKEND,ROOT,Accelerator (execute) time
0,BACKEND,616,US,BACKEND,ROOT,Accelerator (execute excluding wait) time
0,EXECUTE,1415,US,BACKEND,ROOT,QNN (execute) time
0,BACKEND,4,COUNT,BACKEND,ROOT,Number of HVX threads used
0,BACKEND,1315,US,BACKEND,ROOT,RPC (execute) time
0,BACKEND,820,US,BACKEND,ROOT,QNN accelerator (execute) time
0,BACKEND,767,US,BACKEND,ROOT,Accelerator (execute) time
0,BACKEND,614,US,BACKEND,ROOT,Accelerator (execute excluding wait) time
0,EXECUTE,1378,US,BACKEND,ROOT,QNN (execute) time
0,BACKEND,4,COUNT,BACKEND,ROOT,Number of HVX threads used
0,BACKEND,1247,US,BACKEND,ROOT,RPC (execute) time
0,BACKEND,623,US,BACKEND,ROOT,QNN accelerator (execute) time
0,BACKEND,593,US,BACKEND,ROOT,Accelerator (execute) time
0,BACKEND,573,US,BACKEND,ROOT,Accelerator (execute excluding wait) time
0,EXECUTE,1339,US,BACKEND,ROOT,QNN (execute) time
0,BACKEND,4,COUNT,BACKEND,ROOT,Number of HVX threads used
0,BACKEND,1309,US,BACKEND,ROOT,RPC (execute) time
0,BACKEND,828,US,BACKEND,ROOT,QNN accelerator (execute) time
0,BACKEND,771,US,BACKEND,ROOT,Accelerator (execute) time
0,BACKEND,616,US,BACKEND,ROOT,Accelerator (execute excluding wait) time
0,EXECUTE,1369,US,BACKEND,ROOT,QNN (execute) time
0,BACKEND,4,COUNT,BACKEND,ROOT,Number of HVX threads used
0,BACKEND,852,US,BACKEND,ROOT,RPC (execute) time
0,BACKEND,620,US,BACKEND,ROOT,QNN accelerator (execute) time
0,BACKEND,592,US,BACKEND,ROOT,Accelerator (execute) time
0,BACKEND,574,US,BACKEND,ROOT,Accelerator (execute excluding wait) time
0,EXECUTE,916,US,BACKEND,ROOT,QNN (execute) time
0,BACKEND,4,COUNT,BACKEND,ROOT,Number of HVX threads used
0,BACKEND,1201,US,BACKEND,ROOT,RPC (execute) time
0,BACKEND,827,US,BACKEND,ROOT,QNN accelerator (execute) time
0,BACKEND,774,US,BACKEND,ROOT,Accelerator (execute) time
0,BACKEND,619,US,BACKEND,ROOT,Accelerator (execute excluding wait) time
0,EXECUTE,1301,US,BACKEND,ROOT,QNN (execute) time
0,BACKEND,4,COUNT,BACKEND,ROOT,Number of HVX threads used
0,BACKEND,1175,US,BACKEND,ROOT,RPC (execute) time
0,BACKEND,815,US,BACKEND,ROOT,QNN accelerator (execute) time
0,BACKEND,764,US,BACKEND,ROOT,Accelerator (execute) time
0,BACKEND,612,US,BACKEND,ROOT,Accelerator (execute excluding wait) time
0,EXECUTE,1273,US,BACKEND,ROOT,QNN (execute) time
0,BACKEND,4,COUNT,BACKEND,ROOT,Number of HVX threads used
0,BACKEND,874,US,BACKEND,ROOT,RPC (execute) time
0,BACKEND,619,US,BACKEND,ROOT,QNN accelerator (execute) time
0,BACKEND,591,US,BACKEND,ROOT,Accelerator (execute) time
0,BACKEND,571,US,BACKEND,ROOT,Accelerator (execute excluding wait) time
0,EXECUTE,934,US,BACKEND,ROOT,QNN (execute) time
0,BACKEND,4,COUNT,BACKEND,ROOT,Number of HVX threads used
0,BACKEND,1458,US,BACKEND,ROOT,RPC (execute) time
0,BACKEND,972,US,BACKEND,ROOT,QNN accelerator (execute) time
0,BACKEND,910,US,BACKEND,ROOT,Accelerator (execute) time
0,BACKEND,625,US,BACKEND,ROOT,Accelerator (execute excluding wait) time
0,EXECUTE,1667,US,BACKEND,ROOT,QNN (execute) time
0,BACKEND,4,COUNT,BACKEND,ROOT,Number of HVX threads used
0,BACKEND,925,US,BACKEND,ROOT,RPC (execute) time
0,BACKEND,624,US,BACKEND,ROOT,QNN accelerator (execute) time
0,BACKEND,596,US,BACKEND,ROOT,Accelerator (execute) time
0,BACKEND,575,US,BACKEND,ROOT,Accelerator (execute excluding wait) time
0,EXECUTE,1001,US,BACKEND,ROOT,QNN (execute) time
0,BACKEND,4,COUNT,BACKEND,ROOT,Number of HVX threads used
0,BACKEND,1129,US,BACKEND,ROOT,RPC (execute) time
0,BACKEND,829,US,BACKEND,ROOT,QNN accelerator (execute) time
0,BACKEND,774,US,BACKEND,ROOT,Accelerator (execute) time
0,BACKEND,617,US,BACKEND,ROOT,Accelerator (execute excluding wait) time
0,EXECUTE,1185,US,BACKEND,ROOT,QNN (execute) time
0,BACKEND,4,COUNT,BACKEND,ROOT,Number of HVX threads used
0,BACKEND,935,US,BACKEND,ROOT,RPC (execute) time
0,BACKEND,619,US,BACKEND,ROOT,QNN accelerator (execute) time
0,BACKEND,592,US,BACKEND,ROOT,Accelerator (execute) time
0,BACKEND,573,US,BACKEND,ROOT,Accelerator (execute excluding wait) time
0,EXECUTE,1088,US,BACKEND,ROOT,QNN (execute) time
0,BACKEND,4,COUNT,BACKEND,ROOT,Number of HVX threads used
0,BACKEND,1151,US,BACKEND,ROOT,RPC (execute) time
0,BACKEND,821,US,BACKEND,ROOT,QNN accelerator (execute) time
0,BACKEND,769,US,BACKEND,ROOT,Accelerator (execute) time
0,BACKEND,616,US,BACKEND,ROOT,Accelerator (execute excluding wait) time
0,EXECUTE,1239,US,BACKEND,ROOT,QNN (execute) time
0,BACKEND,4,COUNT,BACKEND,ROOT,Number of HVX threads used
0,BACKEND,1238,US,BACKEND,ROOT,RPC (execute) time
0,BACKEND,819,US,BACKEND,ROOT,QNN accelerator (execute) time
0,BACKEND,765,US,BACKEND,ROOT,Accelerator (execute) time
0,BACKEND,611,US,BACKEND,ROOT,Accelerator (execute excluding wait) time
0,EXECUTE,1343,US,BACKEND,ROOT,QNN (execute) time
0,BACKEND,4,COUNT,BACKEND,ROOT,Number of HVX threads used
0,BACKEND,1140,US,BACKEND,ROOT,RPC (execute) time
0,BACKEND,824,US,BACKEND,ROOT,QNN accelerator (execute) time
0,BACKEND,770,US,BACKEND,ROOT,Accelerator (execute) time
0,BACKEND,619,US,BACKEND,ROOT,Accelerator (execute excluding wait) time
0,EXECUTE,1200,US,BACKEND,ROOT,QNN (execute) time
0,BACKEND,4,COUNT,BACKEND,ROOT,Number of HVX threads used
0,BACKEND,1402,US,BACKEND,ROOT,RPC (execute) time
0,BACKEND,616,US,BACKEND,ROOT,QNN accelerator (execute) time
0,BACKEND,588,US,BACKEND,ROOT,Accelerator (execute) time
0,BACKEND,570,US,BACKEND,ROOT,Accelerator (execute excluding wait) time
0,EXECUTE,1463,US,BACKEND,ROOT,QNN (execute) time
0,BACKEND,4,COUNT,BACKEND,ROOT,Number of HVX threads used
0,BACKEND,1142,US,BACKEND,ROOT,RPC (execute) time
0,BACKEND,821,US,BACKEND,ROOT,QNN accelerator (execute) time
0,BACKEND,765,US,BACKEND,ROOT,Accelerator (execute) time
0,BACKEND,611,US,BACKEND,ROOT,Accelerator (execute excluding wait) time
0,EXECUTE,1204,US,BACKEND,ROOT,QNN (execute) time
0,BACKEND,4,COUNT,BACKEND,ROOT,Number of HVX threads used
0,BACKEND,3400,US,BACKEND,ROOT,RPC (execute) time
0,BACKEND,3117,US,BACKEND,ROOT,QNN accelerator (execute) time
0,BACKEND,1,COUNT,BACKEND,ROOT,Num times yield occured
0,BACKEND,322864,CYCLES,BACKEND,SUB-EVENT,Yield 0 release time(cycles)
0,BACKEND,2379484,CYCLES,BACKEND,SUB-EVENT,Yield 0 wait time(cycles)
0,BACKEND,193327,CYCLES,BACKEND,SUB-EVENT,Yield 0 restore time(cycles)
0,BACKEND,3051,US,BACKEND,ROOT,Accelerator (execute) time
0,BACKEND,786,US,BACKEND,ROOT,Accelerator (execute excluding wait) time
0,EXECUTE,3475,US,BACKEND,ROOT,QNN (execute) time
0,BACKEND,4,COUNT,BACKEND,ROOT,Number of HVX threads used
0,BACKEND,982,US,BACKEND,ROOT,RPC (execute) time
0,BACKEND,673,US,BACKEND,ROOT,QNN accelerator (execute) time
0,BACKEND,639,US,BACKEND,ROOT,Accelerator (execute) time
0,BACKEND,611,US,BACKEND,ROOT,Accelerator (execute excluding wait) time
0,EXECUTE,1109,US,BACKEND,ROOT,QNN (execute) time
0,BACKEND,4,COUNT,BACKEND,ROOT,Number of HVX threads used
0,BACKEND,1126,US,BACKEND,ROOT,RPC (execute) time
0,BACKEND,826,US,BACKEND,ROOT,QNN accelerator (execute) time
0,BACKEND,773,US,BACKEND,ROOT,Accelerator (execute) time
0,BACKEND,617,US,BACKEND,ROOT,Accelerator (execute excluding wait) time
0,EXECUTE,1187,US,BACKEND,ROOT,QNN (execute) time
0,BACKEND,4,COUNT,BACKEND,ROOT,Number of HVX threads used
0,BACKEND,851,US,BACKEND,ROOT,RPC (execute) time
0,BACKEND,617,US,BACKEND,ROOT,QNN accelerator (execute) time
0,BACKEND,590,US,BACKEND,ROOT,Accelerator (execute) time
0,BACKEND,570,US,BACKEND,ROOT,Accelerator (execute excluding wait) time
0,EXECUTE,908,US,BACKEND,ROOT,QNN (execute) time
0,BACKEND,4,COUNT,BACKEND,ROOT,Number of HVX threads used
0,BACKEND,1177,US,BACKEND,ROOT,RPC (execute) time
0,BACKEND,816,US,BACKEND,ROOT,QNN accelerator (execute) time
0,BACKEND,764,US,BACKEND,ROOT,Accelerator (execute) time
0,BACKEND,614,US,BACKEND,ROOT,Accelerator (execute excluding wait) time
0,EXECUTE,1264,US,BACKEND,ROOT,QNN (execute) time
0,BACKEND,4,COUNT,BACKEND,ROOT,Number of HVX threads used
0,BACKEND,1855,US,BACKEND,ROOT,RPC (execute) time
0,BACKEND,1533,US,BACKEND,ROOT,QNN accelerator (execute) time
0,BACKEND,1473,US,BACKEND,ROOT,Accelerator (execute) time
0,BACKEND,831,US,BACKEND,ROOT,Accelerator (execute excluding wait) time
0,EXECUTE,1920,US,BACKEND,ROOT,QNN (execute) time
0,BACKEND,4,COUNT,BACKEND,ROOT,Number of HVX threads used
0,BACKEND,972,US,BACKEND,ROOT,RPC (execute) time
0,BACKEND,629,US,BACKEND,ROOT,QNN accelerator (execute) time
0,BACKEND,600,US,BACKEND,ROOT,Accelerator (execute) time
0,BACKEND,573,US,BACKEND,ROOT,Accelerator (execute excluding wait) time
0,EXECUTE,1061,US,BACKEND,ROOT,QNN (execute) time
0,BACKEND,4,COUNT,BACKEND,ROOT,Number of HVX threads used
0,BACKEND,1131,US,BACKEND,ROOT,RPC (execute) time
0,BACKEND,820,US,BACKEND,ROOT,QNN accelerator (execute) time
0,BACKEND,764,US,BACKEND,ROOT,Accelerator (execute) time
0,BACKEND,610,US,BACKEND,ROOT,Accelerator (execute excluding wait) time
0,EXECUTE,1195,US,BACKEND,ROOT,QNN (execute) time
0,BACKEND,4,COUNT,BACKEND,ROOT,Number of HVX threads used
0,BACKEND,940,US,BACKEND,ROOT,RPC (execute) time
0,BACKEND,620,US,BACKEND,ROOT,QNN accelerator (execute) time
0,BACKEND,592,US,BACKEND,ROOT,Accelerator (execute) time
0,BACKEND,572,US,BACKEND,ROOT,Accelerator (execute excluding wait) time
0,EXECUTE,1030,US,BACKEND,ROOT,QNN (execute) time
0,BACKEND,8994,US,BACKEND,ROOT,RPC (finalize) time
0,BACKEND,7906,US,BACKEND,ROOT,QNN accelerator (finalize) time
0,BACKEND,7775,US,BACKEND,ROOT,Accelerator (finalize) time
0,FINALIZE,808108,US,BACKEND,ROOT,QNN (finalize) time
0,BACKEND,8010,US,BACKEND,ROOT,RPC (finalize) time
0,BACKEND,7376,US,BACKEND,ROOT,QNN accelerator (finalize) time
0,BACKEND,7256,US,BACKEND,ROOT,Accelerator (finalize) time
0,FINALIZE,857539,US,BACKEND,ROOT,QNN (finalize) time
0,BACKEND,9306,US,BACKEND,ROOT,RPC (finalize) time
0,BACKEND,8452,US,BACKEND,ROOT,QNN accelerator (finalize) time
0,BACKEND,8323,US,BACKEND,ROOT,Accelerator (finalize) time
0,FINALIZE,916891,US,BACKEND,ROOT,QNN (finalize) time
0,BACKEND,12196,US,BACKEND,ROOT,RPC (finalize) time
0,BACKEND,11252,US,BACKEND,ROOT,QNN accelerator (finalize) time
0,BACKEND,11119,US,BACKEND,ROOT,Accelerator (finalize) time
0,FINALIZE,892359,US,BACKEND,ROOT,QNN (finalize) time
0,BACKEND,11768,US,BACKEND,ROOT,RPC (finalize) time
0,BACKEND,11071,US,BACKEND,ROOT,QNN accelerator (finalize) time
0,BACKEND,10950,US,BACKEND,ROOT,Accelerator (finalize) time
0,FINALIZE,873022,US,BACKEND,ROOT,QNN (finalize) time
0,BACKEND,8460,US,BACKEND,ROOT,RPC (finalize) time
0,BACKEND,7502,US,BACKEND,ROOT,QNN accelerator (finalize) time
0,BACKEND,7372,US,BACKEND,ROOT,Accelerator (finalize) time
0,FINALIZE,833994,US,BACKEND,ROOT,QNN (finalize) time
0,BACKEND,9182,US,BACKEND,ROOT,RPC (finalize) time
0,BACKEND,8488,US,BACKEND,ROOT,QNN accelerator (finalize) time
0,BACKEND,8366,US,BACKEND,ROOT,Accelerator (finalize) time
0,FINALIZE,846116,US,BACKEND,ROOT,QNN (finalize) time
0,BACKEND,12295,US,BACKEND,ROOT,RPC (finalize) time
0,BACKEND,11579,US,BACKEND,ROOT,QNN accelerator (finalize) time
0,BACKEND,11457,US,BACKEND,ROOT,Accelerator (finalize) time
0,FINALIZE,909003,US,BACKEND,ROOT,QNN (finalize) time
0,BACKEND,7454,US,BACKEND,ROOT,RPC (finalize) time
0,BACKEND,0,US,BACKEND,ROOT,QNN accelerator (finalize) time
0,FINALIZE,66933,US,BACKEND,ROOT,QNN (finalize) time
